math_accuracy,aptitude_accuracy,cs_accuracy,time_taken,attempts,gate_score,cleared_cutoff
49.963209507789,40.93645469887248,65.75967026268742,3711.633379573546,18,60.808781743674714,1
96.05714451279329,39.75830392575999,84.4345863439989,1427.4545381047978,10,80.73372669264297,1
78.5595153449124,92.50036644168293,80.81287438321272,4787.493904103111,11,83.626595135674,1
67.89267873576293,39.96369598796049,32.311992375501895,3542.9579475323594,17,36.94838684077145,0
32.48149123539492,41.75597809029048,31.939957579317912,1354.5786410733804,16,32.34794565721447,0
32.47956162689621,80.7518609934371,41.453949419593066,5219.222675909793,13,48.23621431130662,1
24.64668897345596,55.9791873960432,48.88597810728298,3088.154224009539,2,42.21246641853466,1
89.29409166199481,82.1368445564145,52.67644651267861,949.9125689839441,2,61.22353084722216,1
68.0892009394567,25.229292605150818,74.37577734666762,3608.7979411923225,14,63.39919965063446,1
76.64580622368364,59.005695493870746,24.534434573266832,1815.354753661489,4,37.99031754299848,0
21.646759543664196,22.68908801466261,22.77381633808531,4457.728569011051,17,21.748831399786496,0
97.59278817295954,25.01225627642836,51.35284503551272,4525.545953117715,13,55.589689142244524,1
86.59541126403374,92.51499626755287,75.77309537103844,5298.947308102377,4,79.68973756804213,1
36.987128854262096,31.139629689407613,35.47482743651861,3008.9737489176177,3,31.959208346506134,0
34.54599737656805,62.593654582017365,71.32035850050013,2783.793022693138,12,61.49546346561287,1
34.6723607882747,52.887648208056525,40.786251035223955,4216.682906143107,8,41.67228003682828,1
44.33937943676302,47.78746610070741,90.8868887050813,1235.8591504412475,2,75.89757898971023,1
61.98051453057903,91.9866676549818,91.65519554132932,3225.1944662069964,6,86.18844650120994,1
54.55560149136926,21.74587174203916,43.78297634250612,3221.9884806280843,10,43.97013526834377,1
43.298331215843355,73.10317489404713,38.39950031705924,1029.4709894898588,12,45.857941492159476,1
68.94823157779035,97.07155473708403,52.9043177652985,2606.3236104331854,10,65.53145806409482,1
31.15950885216335,64.81345467694736,39.242526814411896,4695.767033122569,10,41.233042209974805,1
43.37157188281745,94.94579696264735,73.79070746333629,4709.537385574369,3,71.11880728224939,1
49.308947463495336,24.1806303428819,86.08517476386284,1076.3407916144688,10,72.11943693451838,1
56.48559873736288,53.50346552593291,73.84737047289735,1035.460237189588,9,67.06993003204256,1
82.81407691144109,40.81262327696409,85.94803577994796,1860.9382896092893,19,77.65150784817287,1
35.97390257266878,78.46567719845838,51.75937297659793,4798.877100259168,14,52.99329486142395,1
61.13875507308893,98.50376723977973,32.50535765670887,1218.732408352795,2,50.00562661826026,1
67.39316550896339,40.52240499553982,79.03607579180738,4055.984652611742,5,72.92052024019789,1
23.71603301759982,72.33396811792596,48.83796041132431,1085.5949741428954,8,50.21171326281158,1
68.60358815211507,35.847810620779214,73.7016660183306,3591.0616979895617,7,70.47458470238205,1
33.64192989498332,65.22642036572879,41.65151535854125,2309.123035771895,6,45.79137921023634,1
25.20412743882236,57.114598935066894,26.49837078453381,4386.787022236162,11,28.63385728498698,0
95.91084298026666,97.76042637052296,99.40654363902107,1721.7141543617454,12,100.0,1
97.25056264596475,68.68218181571733,32.49612063444794,3668.168781071807,18,49.66570582759639,1
84.67178784931689,47.960509766945506,99.07367951707849,1731.2761659642479,19,90.5501500097805,1
44.36910153386965,29.12766279103467,98.18239460531578,4025.569358938338,10,79.3613071248709,1
27.81376912051071,32.09974629879476,83.50544831264317,4793.654565891594,14,68.53350454374954,1
74.73864212097254,38.025354396098805,72.7538369665598,1208.648635808448,3,67.80180591155727,1
55.21219949916811,40.07733290722384,66.22456402008677,4759.659305258417,18,58.694447922522635,1
29.763058787582306,88.04928462729103,89.28812363022678,3449.16122118863,15,78.71427076271944,1
59.614152808901615,64.89782306260199,43.15516172955903,1210.130356161715,6,50.29285522921543,1
22.75108168921747,61.87127290994931,57.41449699879016,2652.2009057266177,10,51.07186073018244,1
92.74563216630257,29.181509749537398,69.55119754932015,1372.12940872847,12,65.35180248494757,1
40.70239852800135,88.8111754679548,52.895238069559284,3961.6698665595336,7,57.9604716680543,1
73.00178274831856,77.8251442566787,54.19891632722144,4242.567045206159,17,60.8308586055348,1
44.93688608715288,25.413468952000127,46.422773400166754,1107.823297309435,1,44.20288127036513,1
61.605441694224865,76.62680777838149,65.13854533476288,3029.4712929342927,18,63.873783282118595,1
63.73682234746237,63.483057387411684,88.04596224120928,4510.200268924402,15,81.81401454394911,1
34.788356442042165,26.538027659742262,36.12227024050503,5093.582599444783,19,33.164490485799696,0
97.56677022116469,56.664051322292515,94.75464310027532,3064.885760360496,1,87.42910543061562,1
82.01062586888916,58.775702970403756,75.12701229985836,5161.340273334754,5,72.69616815139419,1
95.15991532513513,33.26196321306206,85.86185701440242,3171.3070581889433,15,82.09071160466621,1
91.5861880342119,95.65585176002259,64.49525541040093,2492.1143740795583,3,72.50407648651793,1
67.83199830488681,87.99802971845295,82.36133611392508,4671.375017053899,1,85.43022090782438,1
93.74993880184934,73.52178698632866,21.296031787157375,2966.3170101988276,8,35.87362490974057,0
27.07940016415356,56.98364488004857,85.47043398236282,2865.1320507097107,12,69.34620470632147,1
35.67862899353162,52.941243326760684,23.211108726829323,2953.499949167176,19,32.18912743111548,0
23.618183112843045,72.07787737207633,91.193070109029,4664.568008974778,12,81.34076726736966,1
46.02642646106115,63.634549552552436,99.35701977909146,4593.3194001026495,13,84.27214577302928,1
51.09418317515856,24.98184847055085,43.525396974142225,2536.8959637130138,1,42.01696986220168,1
41.70792254191167,61.000211901626535,36.82548450286349,2199.83932737852,19,42.608439155541724,1
86.29900073215435,84.51228937862716,81.22906910864326,2961.2545153878204,6,82.023290517938,1
48.540266135487144,56.73919020775664,40.242107273620256,3349.3080467381233,8,44.2611277257963,1
42.47476077499046,24.156526204341475,89.24499065377628,1744.0186110143854,4,72.48805253102957,1
63.41568665265988,82.90225595072265,28.227407372598137,4410.984406634835,5,38.743982592020494,0
31.27393799798101,36.10910257087795,30.076415710348662,2935.11727551563,7,30.47162451064887,0
84.17575846032318,40.6896667910431,98.33212440804925,2203.4186324158063,4,87.58703106361247,1
25.964051494381664,33.17650827458367,73.90711186160037,1112.7407662271548,4,60.81230593668116,1
98.95095492804138,46.4172051897198,87.75097795431623,1746.4567699373133,15,79.76989636844736,1
81.77958154373259,80.5401204550908,45.94635018812144,5156.5496244287215,5,58.01778823061654,1
35.89725452273379,61.550868760314984,74.11869996164836,2064.4784967337278,9,66.75929577140336,1
20.441769369888192,36.390501932057006,67.53934618468777,1410.5245889617695,2,53.69161058188975,1
85.23691427638673,90.22640625216327,68.25200960983577,2811.2293999439676,7,77.69403327421485,1
76.54858750780937,90.36654839612234,74.60259676301773,2074.021168129194,17,76.56591895646451,1
78.32057344327899,89.64627400368056,66.02873385032788,768.7644013017319,16,70.85184604776359,1
81.70162773487566,39.10369691052314,54.324989544213274,2151.0970429412027,17,57.43170986814176,1
25.92357213872723,56.099147534479044,42.07381555044375,3211.7213949094494,2,45.523081111431274,1
48.67725828354181,98.79917249127001,81.48650647305615,3248.219385695841,11,80.52409833945012,1
29.269524762010377,81.76099810479923,38.101794400254896,2311.482821649066,2,44.97805418358761,1
89.04827407004748,22.173393698044784,75.38834449235313,2747.0532300124833,1,67.45184757888022,1
69.86385014620464,25.216367300839366,38.66662581194613,5234.486007526879,2,41.50259008949323,1
46.471841988211935,57.114510144986625,70.02641359635632,2411.2726907054957,9,63.49191888508605,1
25.084668022881893,92.73761646892481,79.76626137032231,1839.4887036479183,2,74.91798532909517,1
44.878585737252976,63.09614383621714,37.497111112523136,1768.6418115204485,15,44.03811880580656,1
46.014665762139764,59.82500064274322,24.795464068904664,2797.2701409798437,10,36.499233842005594,0
78.36849426704512,28.437895996530447,30.477899439533928,4245.696713841331,15,33.03880431343182,0
71.00459770841705,72.54240837794353,68.47975738168203,1588.7432841046714,10,68.20672475549887,1
90.97701940610612,85.76825284801804,87.95571249805884,4004.6214102756867,17,90.68128747526389,1
57.777194012955945,50.43360060060499,23.59974569883395,701.5191520771982,9,29.94838148735287,0
29.567539675064136,82.0489480740262,78.7321007233317,2610.8782943229407,18,73.46624573448308,1
77.0595829778396,97.15813231206494,47.305491676004166,4324.152312973377,4,61.51450246831809,1
80.8628038893518,36.30131673021513,58.2822695935618,2225.9181877172705,9,58.315527117695375,1
64.9021758055597,61.866370495579304,94.30876398764525,3305.9380869379174,16,82.18848736220949,1
81.67737439636488,42.971036646766045,46.557720378867636,1583.9003175643718,4,51.0446265652765,1
59.50364770915126,83.42835352270714,57.22695471515888,4161.577877405627,16,64.41603116030741,1
61.818626350559526,66.2074692704926,21.09459318085449,850.9396956900462,19,37.048164320266785,0
54.20328146868397,70.76659340402429,26.52789760038707,4692.204695402402,1,37.730770304732566,0
22.033530139527613,83.83313276927153,40.68732729078272,1551.3426548240072,6,42.406653162438246,1
28.631314159464356,51.677637812996394,22.228179265685952,4797.110552199988,10,31.082862669948096,0
22.51433485493874,93.20720547256346,70.51002608386008,2292.140358242483,16,68.3570950660468,1
70.91283290110243,62.6423093796912,54.111868544129806,4068.881157477536,4,56.08855938565616,1
45.148478486106136,32.63638582682784,63.85161621824176,2132.2814293737047,13,57.04889894199034,1
60.685655293176225,75.67192945350419,33.971774871706366,4948.376021926309,16,44.827377084152836,1
92.60531791408744,83.46090803506036,43.67456235492929,1207.858202488197,6,55.70853733772356,1
39.94337833191,45.34093416540213,73.10595798821801,1456.894988508474,11,64.66303109577885,1
52.830633842850375,88.57434055990024,97.22421789043199,2966.544600762251,3,91.48007235996273,1
80.4440910834439,92.4914603812613,24.033341888176736,993.3045073831014,10,42.171173643901014,1
38.3038532393298,42.15235899022471,91.23074566842129,1540.7048865684574,1,78.3464919855042,1
26.158392786303438,98.68171781721776,66.15049610489667,5130.078634617669,11,61.52065472531552,1
43.180116233101444,31.256922243900675,65.1135653404499,5287.150373509859,12,61.18158549610698,1
32.897702980320354,36.1612534721992,60.02228281662083,2406.0447807860255,14,52.48914397947187,1
94.37581218740584,34.73798713904209,25.55152687233467,5031.772900866891,8,39.3991806992087,0
84.64963036515336,91.51917680062964,27.19014813889285,3215.158443232472,11,45.89564774516185,1
70.67230052083389,72.34340418599695,68.07296045272689,1894.7638361940817,4,67.45638278921949,1
89.71684721501742,32.16834265778183,47.27668571484466,3971.5138611868733,7,51.30370523399214,1
84.29376615192916,55.22587346946792,93.38144532621445,3762.7286715593145,10,82.47601563575715,1
34.925604710882865,69.22384200558416,52.52724298875778,5347.80153172192,19,53.768260961026115,1
91.40471987919823,26.677126799150663,31.46251669621129,1872.2269795645598,4,40.123567846389875,1
63.147379353252056,90.5933094725871,77.17750668016288,3825.88561277633,2,76.7022436830534,1
84.595212413125,84.28828283532282,43.46827371528079,849.7140241413451,18,57.265715030115,1
91.68730399387945,60.41654188613106,62.03762458847145,1145.5009857442533,14,66.31696061711797,1
45.44027799774911,97.37012922073363,75.8266228404136,618.8081997652477,16,75.71385681562708,1
28.80415396221414,53.420878342007974,92.02112889616564,5397.411269086431,11,78.67317823070955,1
38.234813003355335,98.72882552291982,83.37529558413408,4450.913746307893,10,77.80879640884432,1
54.1686230901005,73.43359990429016,74.10888542981793,4376.270470720996,17,69.3457326852475,1
85.44118127379944,70.77370186031531,74.37065459161148,3046.6851613832628,14,72.04657053474031,1
88.85844666050747,33.2763916236628,95.67397152256692,2040.3219979461117,4,85.53712740607808,1
20.556170442495258,90.55422066437151,43.66592779972288,1326.0685654208444,19,48.1369027027374,1
60.85978420620526,54.19917503364921,20.08896753569499,1966.4387464630256,2,28.673890363986583,0
53.39288025190232,32.97867246259835,41.7563647518559,2404.6618652598677,7,45.02594792953093,1
37.76862483765842,21.00860159806072,37.43131037013952,4230.288465505411,9,33.37383028175009,0
29.589229386694626,64.7804546910706,72.94676680911985,3190.3765867351317,19,61.01118919459768,1
47.00921371229023,62.19196976981411,70.69692798124233,971.9214074663169,16,68.85767290896993,1
95.43277631300154,77.54828978953269,67.4769106163779,686.5392430027788,16,69.23496734687498,1
45.856234561660415,91.22064424142417,21.299475456756298,1091.194461763503,18,37.39952218695894,0
61.50324973946929,26.352526771442363,78.3022443560518,2570.393825747421,11,69.43217656762471,1
76.24151671161422,78.51971922722899,45.88243299883932,5079.326001835288,7,55.97099669245377,1
49.09036819034352,34.99295552780658,73.2044791205305,3659.5319098042637,9,62.81008404566072,1
97.74256661767686,88.65416425257311,64.52627428017226,4448.764319402473,4,74.13349621570923,1
96.99578359536889,85.52508110893248,47.418474034232574,2838.598053621833,13,62.66803127701711,1
40.14258366602913,63.26350039884355,30.76610136832862,2335.997199336205,4,35.07556257460999,0
59.77988047139084,76.81942388986492,27.553511812838476,1120.321789039789,19,41.730101269134266,1
44.07026478534157,45.14800905469987,86.52146664897788,4804.478506493784,2,75.8095167541652,1
42.78723955019741,57.69343191462517,93.47180336652464,4359.168139333933,9,81.08846525813374,1
22.950955788362624,85.73095181683773,71.98304374114397,1406.9668684690805,12,65.6144670034186,1
68.76514671839175,56.741215773857114,28.27472918883867,3058.8507066060506,2,40.48917953572195,1
60.21432185830892,48.623861226035345,52.162177351059256,2939.3990780219756,6,53.85587752071817,1
24.118300099999146,59.53699578002399,78.31513600841258,3600.439452895337,5,65.33697026150314,1
42.29171713892892,86.25994019497747,82.38567072080545,5141.697091158054,5,76.21800648711329,1
92.6612708773323,46.81664378966982,29.457489783287087,3382.9029204599024,5,43.18003992519267,1
39.16495125335779,33.900927450859506,20.002457507630595,3193.042880537369,4,25.190763295175703,0
31.591589767297847,76.96112162646246,76.9709636704484,841.550078086387,9,72.33454706726857,1
59.15622082220504,86.07825701664655,48.52769407889645,901.9558848865149,10,55.07126413975846,1
98.85203632884806,28.050998281882666,40.35850652946082,1499.2645983685866,16,45.28661917773598,1
39.364421720920035,39.189929020475574,21.031797583162035,755.8597041203917,10,30.89261615064291,0
73.77084379247029,31.357759180879512,63.223952540919974,4168.09389873606,10,56.66426705915347,1
80.9295692262974,47.83531292657333,88.09205883407854,4071.985459171023,19,79.97949431198225,1
39.01100351939198,56.02807831243301,96.61053170180703,1253.0699252718862,10,82.44273046743864,1
78.25730788894876,79.90610695706451,65.25959604906313,4613.178723817348,6,71.3783972442016,1
49.422650617540256,72.09180679053392,61.156906219191534,1342.9729672613375,17,62.32990170172972,1
70.58446644748636,69.67428539827449,26.80451083913929,2045.6428175873223,5,44.42448837414739,1
70.68237686087159,48.18999572877235,63.90982412340798,1795.089115974552,6,62.33253586951591,1
62.86197472598068,87.3158042467808,50.39832631723157,2387.0740731506294,15,56.059528745275266,1
27.223181604352664,57.70297339185316,68.57082247068615,1822.386076271817,19,60.299106930478274,1
86.82419964713904,98.32839504121236,51.09810783012374,2946.9644469045697,18,62.901611625637265,1
45.66240519773886,70.73137106365894,39.22392987602934,2555.55783050249,4,44.77922705784993,1
34.92148083198834,30.101179325160217,27.59722201827012,5335.533555740767,8,27.106478190562807,0
23.262011324381113,74.09420496603472,45.19347556711166,868.4464806154832,16,47.80697741704125,1
67.27143545505935,46.00832123453592,27.73158674302018,1282.4706066592878,19,37.14573464222583,0
74.2051489473826,74.9061757348878,34.15175606591872,853.5642907612919,3,43.74516629033543,1
21.32702631422849,25.57129185299246,98.98689268636367,3604.0377359154036,10,78.26162275727887,1
60.96744466394248,33.99051497407675,55.52828455252949,861.644531585854,2,51.49053005850451,1
38.11966201583503,88.4589807124629,62.549741320401324,4614.910739405392,4,60.405984328917036,1
71.61382323275599,38.17436456188119,89.88948229897723,3057.3054272732534,6,79.56552318632293,1
33.94931432039932,86.9632900194352,99.64551203925502,3129.6365979913617,11,84.37306217965507,1
75.27501904819728,42.34208707635283,66.61715594757453,3295.653637018532,14,65.4535811817392,1
50.93882770404299,71.43055280469662,84.99790568353373,1419.9057902698114,16,72.17626039321816,1
94.93839909893876,75.53204588078648,46.155281946934025,1548.9134549495402,19,55.82053872983532,1
31.00167553167946,61.012380251604235,44.459516595783285,2130.3231497904226,2,48.07404462671667,1
47.285308084020684,44.4248541357385,52.21629767956482,3448.782795944887,17,48.93461429031261,1
29.077881699247126,37.01155010968769,73.80058101389193,1608.5653245130297,9,60.55065107065197,1
93.97548946228503,22.655148364994098,74.5753351404079,1158.392290239654,17,72.24466038063828,1
90.18714827047847,44.31571209925791,45.21915477195606,5256.561054808474,15,50.24311018568506,1
40.63533021721245,72.25302324250265,30.656793930930295,705.5127110861899,7,39.91988513338742,0
72.79872368273432,95.06438547587861,70.59170051724068,4452.947545612904,19,76.94203306597905,1
85.37777601609727,89.69635858104417,30.266068975101163,4382.568717960106,3,48.40442910044183,1
64.416064927957,81.28518212282421,66.2794006583464,2026.6277464564607,1,65.36097287253115,1
62.37204626848052,83.0757874602639,75.47377024450472,1251.0077568351044,4,73.4408425120332,1
39.34818327203614,73.19879227807962,76.04891971155612,1299.0175041860325,18,75.54352968566464,1
27.44822142447194,40.82294860528024,80.27776885276774,3947.6717627385237,8,65.4540663963371,1
91.77726063626613,92.57560245646638,89.82875372525316,3685.4716372136336,19,96.50571582273994,1
92.03344457306643,73.65858495246673,59.996719357183075,4357.179236406657,6,70.2694360829179,1
70.64811658186144,64.8352504784352,78.4199351623657,5099.909627515703,1,76.25459875144493,1
47.122383283896056,28.879157537078484,69.53381882926693,3921.2513436796416,8,60.66837284862807,1
47.93676596901287,55.764443504514034,34.93119518381461,1348.0873754469285,1,39.07737133944505,0
78.07645430961915,56.8286616961541,22.055171589552653,1768.5245604739712,19,35.49656233174592,0
91.76882079620617,89.16508876181359,42.7633108541547,4642.52990819095,11,55.696955718562705,1
90.96691394120938,63.731857615023074,55.44269650700955,1604.669164004201,15,61.88745048070234,1
82.3900436686099,50.43204391763277,69.3684755542925,948.1071213815108,11,65.75685624317585,1
71.36253169234303,98.14402628085274,87.99674644025643,3975.744259402802,19,84.19216417804721,1
26.731197199603905,28.857647466105256,35.69965733649325,2532.1265063526816,10,35.93011816071107,0
32.930297127569105,53.80387426495557,30.04398319187817,5016.192252220338,12,30.816294471234585,0
91.88433508216634,23.361974013712423,97.0783957979462,3721.2243412495754,1,87.01409972993241,1
68.5143247727672,79.19232966135442,28.643564750112567,1034.0110933999715,7,38.41772909834522,0
20.73576412933037,93.44612417593206,58.27928560857514,5149.711522817572,17,59.182058377843134,1
28.11772342928257,42.40298636403915,66.84509830346414,1841.0748654731804,10,56.954506591137076,1
73.08014152864446,88.66733414392966,63.30995367259506,2218.6199539501717,6,71.22172132730945,1
20.404926707697495,43.37745843695182,26.882572562635456,2530.8499856810017,17,27.72116964778206,0
32.86464411339989,92.86161293151322,24.56215312028955,845.8766227407036,18,32.03336563059672,0
63.89870314932689,80.31695228774271,28.438674196882854,2983.2740267069034,5,41.1633476816051,1
75.35161581541546,84.39254214731508,66.847014709809,1191.9287571614027,18,71.07385512237173,1
72.15690076020805,21.44052444803636,63.54759101074569,2524.6575681040886,17,58.25897220469506,1
37.941544756844785,97.02482856592208,38.69926336293954,2283.406982362005,16,48.48465599445225,1
76.97433770780287,78.13367936562585,71.02193134764732,4309.632400447216,8,71.852778306956,1
38.97992699974401,44.380087630890664,85.60540016445195,4455.21845583711,13,69.90097598462035,1
46.03197585274142,86.35157318870776,23.3263167877275,1336.3818354676223,16,34.18665633899818,0
79.71931240944193,42.521695873194396,59.85039548384339,2359.4456994202856,11,59.199893392026745,1
71.97063192377718,89.82030716529023,75.14483296821523,2392.0951729527924,6,75.82132670861405,1
87.93787283953424,29.00643123295496,40.184954165574965,1326.7701308932083,3,50.48335824278239,1
72.60903138402747,76.29487819686366,44.621672423451926,4432.576824245714,1,56.08096796671619,1
65.46468826683773,63.25587813159282,69.0910322391507,3994.6959760100317,18,69.04522593586721,1
27.493981426247398,27.722757615635267,91.83482347549895,1513.8325742257666,5,73.45891231058873,1
49.41726424475468,39.35150626070712,84.79395362423195,2360.2651612502355,13,73.2706275839859,1
41.216189414538036,20.992322902185183,66.65041752796668,1107.8641193112683,10,56.59657020750462,1
39.51917147032668,57.50143723716047,78.41773742057994,3615.391666046611,5,69.7720796066893,1
97.84084438019565,44.10122086080003,49.185797616623894,1182.5852378333743,14,55.801606282659236,1
51.44781797334083,67.86859874382071,71.27724224790062,5332.484009399605,17,63.60780389200293,1
91.36372441416907,43.77902461668938,57.294527290204556,4347.273958501739,1,59.639326911626966,1
70.49109007978103,43.993528920558774,35.19489091660488,2473.1450380031765,2,41.328514881377885,1
83.58490428333187,79.45545589852827,76.13906191018057,3377.1068749409014,7,76.25545116986532,1
60.21096744841537,23.851426878268278,64.51717098790576,4974.440717838762,10,56.65918496807897,1
66.15231077010873,92.23159961535897,48.68972655628731,3259.6765458999653,7,58.44189318158286,1
59.401415505509114,88.18110995129452,92.90713520629046,1437.5927347101847,16,88.70755361682379,1
35.61943902384356,73.42437465811253,21.67472942613866,2417.7761067895644,5,32.127355574427355,0
77.79616922092043,67.45772560859075,45.26185209995968,4647.095352142778,12,54.95626917169237,1
42.46178899526846,91.38419985117218,24.550511822211725,3692.2224767501657,17,38.78247266414369,0
21.945277314516307,34.82641436229716,81.32218529773017,3723.4770448022414,16,64.84187227287742,1
71.63778367257342,26.31753297526629,76.16859632910341,4760.743131304748,16,69.06192985255264,1
34.16885435256391,39.16081359276305,46.50817749890536,4891.070675820022,19,40.06242948178543,1
95.23668674823314,83.56626229601522,74.05303217656584,5015.004344541294,15,77.8889144265158,1
96.31428616020699,22.773621338118666,51.67497809567599,1055.2761276151493,12,53.031967612789444,1
93.18915121763588,66.62454680667918,80.50030331379475,3211.8048094228843,10,83.38492062793203,1
49.61269602043555,99.63500129530479,56.334693018936484,4154.44570184793,2,62.49561429608394,1
21.236529322309394,88.45568750700315,52.98237822653324,4233.248856609666,7,50.872589120664315,1
94.26548500701803,61.71565512348715,94.77839323906407,3512.2377694560187,13,90.93121389647175,1
54.254731865385146,25.091272742931388,40.07032799125602,1400.579208881636,3,41.77069697532902,1
97.33238552349357,86.50988115085678,29.635787199725236,4427.618658919989,15,48.142063197880944,1
97.08959816714022,67.91828065417684,66.76344906075666,4056.5344008717393,1,72.86610802397283,1
88.24075643738881,29.19463976476535,97.5457449827343,1013.4517034353742,3,80.9059161506722,1
43.55591136556686,27.508582785868498,50.227137098174936,2826.287158437006,10,40.42002539257316,1
50.807818288154024,92.7701455549274,24.96294109030252,1435.0915177046572,15,36.65341486707893,0
88.09093372134855,73.53602103504628,47.144421384765394,2219.8898194222647,6,57.54321758404499,1
45.35376041250221,86.34294394534044,60.474532345564675,686.7892425872901,15,65.15100583478876,1
33.5594197348874,90.31831202258138,32.9538405305771,2521.5833683716396,7,39.39649275725877,0
64.54410099666802,65.74178816386578,72.64817744451936,3239.4092215498104,5,68.68925276866776,1
94.89238193286248,61.3957081404033,99.81995112081604,3573.996445570017,4,93.49439207701059,1
75.68238373399784,54.43419282567922,56.13915807851551,3784.7536566178082,18,57.83025954895434,1
65.6048936071492,45.355727023289546,48.37828453841701,4614.1983028918075,3,49.41051073286407,1
27.77411950166148,54.76767686869694,52.05633334675733,1634.2219549235042,17,47.9777531234213,1
69.20057813593358,81.91037245841251,29.21169427161609,1178.312747704646,18,45.744405562321205,1
99.20430800834106,68.15387448121052,90.6618881140979,4687.378425110043,18,90.79931763077751,1
31.20672121892192,91.4018631963877,53.186052441708156,1351.7415114847195,2,55.66846301607738,1
61.46637218909894,55.47040115033502,50.98195291398731,5278.848390413737,13,56.536843588545494,1
90.18984575423643,68.56716629750032,72.77522183443794,4644.183501113457,15,75.77426380000301,1
79.26148942033635,70.5046042473591,55.36267367448988,3004.2077082700757,5,63.52657389137421,1
75.76125927962144,67.33577298450604,71.85867750462768,5310.822839625721,3,70.04453594776123,1
76.19872671896874,76.2107018468413,24.915703210463,1067.4082997184203,5,38.99505242469949,0
48.75929209758041,38.9946774699845,85.0978674977782,2054.715653640488,5,71.40283810058754,1
43.487347541159465,60.98910220366325,95.2403162303522,3663.477192194935,5,82.16624432468693,1
84.74889243828109,28.337984224667814,71.90123089275087,2280.032968671258,3,67.41371959855046,1
84.80907157433447,50.760906211585,96.36527430870485,5056.188249507801,3,88.4395433011753,1
89.3657854864083,59.01336548970115,32.11458514959706,915.0052232535243,18,48.68329198729816,1
93.05924420451771,72.17794076363779,58.1932951584283,3237.17679389263,4,66.96344061462123,1
60.90739190887503,96.04248420689628,68.14453871563578,3436.15808349655,1,70.21407511931143,1
60.12130357497597,68.05208532386847,66.53893179369493,3733.094994130676,16,65.79671183230145,1
83.86361431734201,79.48751329412478,52.11694232712346,1827.1978719927092,8,63.99441314893685,1
71.99711446222122,60.50128475961622,47.04675274930091,2349.9188520953494,17,54.371246492994494,1
76.15735018061628,70.72832251010651,30.145921804033506,4649.666542391893,8,46.11856049327999,1
83.66341355488808,25.674577290701876,51.33939604498225,1535.7252910567672,7,51.37290933103137,1
91.2004273454053,40.35132646734776,33.01286520843881,4568.965666432137,8,41.418445640667514,1
47.03961254812286,48.948247456411096,78.74925411937747,3300.7460299331633,12,68.12856748152547,1
50.04663621119552,57.799468400521086,36.7064748395672,4258.500053731594,16,41.06747509718226,1
27.51855518726952,23.6518996401907,24.68522442276271,4025.3153580646635,12,22.828659300511944,0
66.26241127969392,31.201927804265416,64.18929102537874,1596.0551778474191,19,60.14254070377586,1
22.875381903739367,42.14514462330446,67.61837861755212,3330.30113488259,10,57.71071849816635,1
57.24784145059681,97.72261527208406,89.75304490244044,4765.071133464444,7,88.75025588095255,1
63.411570776606126,46.50776056824406,66.15852899341455,2674.157936649261,12,59.278344995957696,1
42.92330017026275,58.5632846489666,47.63846829787566,5239.635697071921,5,46.68166041847252,1
67.26666084552086,35.68781701907143,84.24095052210563,2770.6324804882465,16,76.02299799422424,1
22.440019995123954,68.86240568606146,63.22231145499369,1285.3710560058466,9,58.317928108096524,1
22.987855099937153,42.45465724127794,26.34242277049534,2469.2864643728317,7,28.345677703304883,0
85.80804485277267,36.55940627507414,65.26804482505973,5168.171550674579,14,66.57045672653906,1
48.81525131290103,61.32581027567832,92.64148363373299,2134.6600768313,11,79.35028937654766,1
30.16484101215078,20.440463932833666,51.70501003985764,4766.871167361902,7,42.32684398433997,1
61.77946080438435,20.613122611938024,43.70606415198401,4830.0032720730715,10,41.260108729949934,1
81.59948424788887,37.52550472814862,31.477556561441602,2280.8953167934133,9,35.87722185162802,0
37.26568219974745,22.93770900006569,32.11564175482859,999.6367586430342,4,31.77709297518451,0
69.83123806552001,28.64206033045531,54.62171874734551,4077.8779639623276,16,51.96049270846558,1
26.82779719950144,47.10885194710013,67.65438593292237,2095.259035267133,10,56.98276590805233,1
24.134537693488618,84.20685436638503,26.44923241356814,4358.033348436347,19,32.93882124584414,0
62.50837052545184,65.76389146954406,95.16548712201326,2724.743271650079,17,85.82118689982188,1
63.25080972880852,61.01341807651331,80.41068939561568,2929.2803632445834,9,73.33003771861172,1
70.99439211985653,43.47910585664973,66.92991346269301,4333.965152392977,13,64.46509917557752,1
78.08730669781292,94.54029755462531,86.27509367511927,2435.343989095814,1,87.20506654511894,1
98.06816635700277,51.76120329897533,26.414940544969063,2727.0112575499898,2,40.37570854887507,1
61.30402786409562,26.96742134366172,58.14711021864995,2405.7142500941864,13,53.218759254699705,1
45.836517835299674,69.3653212894241,70.40745014893307,2363.2344733309437,9,66.9364729735987,1
83.61489558149628,29.107071478128113,86.29223248946315,3124.543569127005,7,77.25515836129932,1
41.66658010096594,47.61785142413537,82.67756480394141,4482.237333605523,16,73.92727880223363,1
55.11771365645089,60.592955097424706,42.16553997707197,2336.487897228316,19,47.50900937215213,1
26.276510507381275,89.93780197481406,95.27041356473634,3116.422658581136,7,86.31260836819335,1
22.028059473236603,59.48372642720949,29.947667314469626,3819.491162124484,6,34.41115700991368,0
97.01187317423401,76.18070128253314,90.01068948969217,1893.3093422575441,18,86.3495325310468,1
86.87840964097647,99.42534711992563,97.67521996836949,1932.1094635314844,19,95.20168774038265,1
75.67793648749584,30.519129591838528,34.17228185781005,5080.383009712583,11,39.75396236628187,0
52.71623555314159,41.97852204156156,77.76528513630282,4072.9659519892252,12,70.37680185580932,1
33.86354560566766,51.56608604781171,23.222841502239877,3370.4960458718824,10,32.92605979446696,0
32.514963413686885,53.74625428310651,52.433826011132396,3709.0562612189374,13,48.67456660053727,1
40.019431853167625,52.88168602124366,61.302663935813925,740.6373268964081,12,56.95754463280479,1
63.938133176489636,92.6088802045244,66.45161807277073,3566.894234696145,10,71.59800722146838,1
77.16767381600499,77.1226115573485,94.87497985988476,3045.642591476169,18,89.44037369131055,1
72.8157901374185,68.6324171272563,73.78005498353558,3219.598462941291,4,76.15146313388105,1
42.39471175567543,44.74981742902257,58.50223609753896,2325.234368787922,5,51.32767069555696,1
96.38922245305552,85.90323073770358,84.77400290127115,991.074709022121,5,88.04170984043765,1
79.03175333566148,96.40484091879911,96.04262567635271,1528.0283213378505,12,94.88175362048825,1
64.34832420091206,85.69586260401812,21.765291894583267,5163.5746234208245,3,40.04640974357527,1
68.93765969874818,20.125208415317832,98.6017017804831,2561.7578989004833,8,82.50472416109406,1
53.568004994223195,70.91210961467256,26.890571125094425,2840.079147988148,2,39.27845941571212,0
39.81847916009259,24.090830515368058,85.15094234150091,853.0069912965072,18,68.6937775978906,1
48.47781429210093,40.60857762669775,42.426780204113,780.3179018111068,9,41.458922390173726,1
80.62768883714952,24.761976027821735,30.574372620309738,4042.470945824437,13,35.3161045416435,0
21.15147909038047,68.30363623595102,55.18845117710679,3182.854387781334,7,49.167378748173626,1
29.2858112405533,74.92719307940854,71.51652635580908,3041.7887242380802,10,64.81080151403093,1
23.68021136174022,29.159011045272408,50.476147601878,1766.9977460288096,9,43.88216343648062,1
23.25830418551761,50.707110643598355,24.365232662615917,4174.803511823627,15,27.73421089603002,0
88.43684672088058,56.498920716443365,67.95689117269733,1407.535579720761,5,69.70612113643384,1
76.29262875040189,49.52424174087333,92.19226208885398,1511.686769572896,12,85.87687207066176,1
57.93390632698602,29.682000038815445,50.65722927578014,2811.4184224717224,1,47.56747335126492,1
27.82673285208012,53.515823214998036,37.30662221046616,1974.1433381373163,12,42.99661195347865,1
59.32927000934659,80.09424382467344,55.40618767462523,1787.8223099191025,6,61.208344445321806,1
57.87774166244525,25.680613162660435,23.869016883902468,3697.140693855992,19,28.848213597347108,0
33.856149592801216,26.414401126552278,85.63900675842198,3724.6643770490136,19,68.54868315034727,1
54.70813193903784,48.38170334687874,86.10726487601494,4557.68193503966,16,73.72230079254425,1
51.88037875178988,95.33805692951401,67.04003707437028,2605.0011214702845,19,68.95935737448056,1
69.26800784417732,73.48581173783313,48.24823111507116,950.8084369255212,3,50.8636424513743,1
70.8074920694115,74.29359653380519,83.98266915566268,1913.5986476229969,10,83.06456404998349,1
23.62432078176356,48.9535992670292,64.37496198306937,5304.026223344721,18,50.315939795432925,1
49.9690091701177,67.49286329668308,86.0745846840013,3462.04116111697,13,77.95499209555672,1
70.0687932571389,20.81049472221947,70.51670340664165,4006.738007044897,18,60.70560757890617,1
60.250900686407014,70.88768371276338,82.75243785702378,635.3175822019898,3,76.19513685594492,1
88.51918729506578,93.06295580609894,67.88503945742079,3087.3875144761,3,73.61254521952416,1
72.69549052951561,69.00587746758553,53.1312854572533,780.137556152655,12,62.298357274566364,1
33.034754166514375,89.89588747730761,96.635668794091,3332.3050180389505,7,83.87806299149631,1
25.645499792034386,77.9178444372875,63.289105990307576,5019.700078253161,8,61.66539491720183,1
71.39354225650524,29.644673312295218,68.40716148324307,5248.411826401958,9,65.3615490321249,1
22.120904843329747,92.19626458286734,37.639011153179936,3194.652841866836,14,38.818026820669324,0
66.86204650187706,25.31550754846199,70.05206315418212,2799.3830652106367,5,61.63237178195547,1
95.2184193139966,62.7173978038211,65.72861195863551,5136.082052392771,19,72.66931912436891,1
66.03793423007032,31.370969903476613,34.78707183576199,3833.3271935841367,16,36.33273900362653,0
51.05359409652175,20.936528858472325,24.7669677882515,911.5165417843655,12,30.53194796831443,0
71.46305747538825,53.76274081021112,68.34874557718169,2835.482772803988,4,66.5922584840649,1
56.660231239321334,43.6032566123325,81.09538154802564,1753.1760886286588,8,71.68409560223066,1
63.6493431452748,58.88003950380824,61.87210967376066,2855.0607429536717,7,61.828867394434184,1
95.317184702122,66.17599093876407,38.14181002557166,2786.2347456305365,15,51.608387027095986,1
50.88821102406194,23.499125784715787,73.32175813544279,3394.2950535107616,6,60.572054846738126,1
96.89524510591313,29.84026360989965,26.40845812876818,2312.4983536764057,5,36.975407931204565,0
92.4280513564851,64.69139171603402,55.34669638415637,1388.4981573884547,14,63.05180075774774,1
35.663290783143715,47.45338825381266,33.06934067187362,3017.85328603179,13,35.969812004715,0
25.548904070013236,78.33387900395584,34.75672408479067,4584.973844859658,10,40.61057544553776,1
28.062240110194132,72.18333188735517,36.18351593265629,3787.258694724491,18,38.92792286419404,0
21.45774605212398,87.64834903919254,50.93656456351823,2224.165756441036,4,53.28610787772684,1
27.555436860474273,75.39942613353801,24.09201644963181,5090.510509242515,8,32.56059231482086,0
74.64054187330855,54.394486191211854,51.823475274327855,4978.596341996074,11,52.47028679835971,1
25.695091876818317,73.8373297915546,60.936595769176066,1604.8723170436742,17,56.52273725474522,1
45.5180504235009,42.03049394043348,58.663542797306015,789.2044085777422,18,52.40575257208715,1
87.59002487755636,44.505079902257016,50.622728032243245,4158.281800083659,11,53.43341915360091,1
21.86175485886607,83.11881279366347,87.1317286456602,4572.529254475936,16,75.78633493893871,1
85.15747860711487,55.71356131212657,31.62613539364033,5245.749916566505,12,44.495894636818,1
42.548381981872,83.8704272414682,60.455739502509914,4871.214691623892,13,60.02825453613785,1
29.4531862097325,85.79378989346228,24.963313356524345,3482.566887390791,16,35.21148153556213,0
75.73897322913206,88.6049870129027,25.69245431023278,3144.251228219428,1,42.75863718916998,1
70.31542774239071,93.33081886729659,65.9092679741677,733.6370460604141,16,69.12531976475711,1
90.19776108216423,54.4788176410637,65.28147399102568,1783.9509448549336,15,66.70888834086757,1
78.80568350431086,45.509345465691105,90.24268102755656,2806.150808318047,6,83.5468295113877,1
84.27847443078788,66.5758997275291,64.62989405280585,3616.8187204011256,12,68.16869457459381,1
42.562765805704515,49.69379387501021,96.78328163238801,3274.808799928371,8,82.68443681758093,1
34.195163502377824,68.08593334401863,23.89558787199438,4164.652750472114,7,34.61406912517109,0
80.04918013126867,76.44686901150597,27.840614782459284,1942.8812682577961,2,43.832711827493846,1
84.54677914138112,75.07240147937095,23.525268925630513,3311.7725167318717,12,36.569187607283524,0
99.24041136005387,49.96423096160971,34.8221480266832,1023.0827682758022,14,47.297395399159086,1
53.00941415291412,33.34881613590022,63.301608875334246,2585.5945131993935,16,56.028637892708964,1
49.761446863422655,54.4423470769766,71.64577451419424,4200.771998182085,11,69.40321647100419,1
82.11303685935974,31.4075315265527,23.646812635893504,3928.324096459411,9,34.379392918240676,0
47.264283220241424,91.20776281470467,95.67767118764795,5355.085138426459,10,86.55030014165038,1
94.46058604828518,47.67019685902859,87.37323013203049,1933.877404741229,17,83.61390238740078,1
88.67302014744095,32.3567797778659,43.72899857256745,2991.3086360351,12,48.94635079552745,1
54.319522190001464,22.035820792460072,26.175002418117437,2181.745986115184,6,26.339888512611818,0
80.06968542331978,71.66579090291874,33.59096585752458,2714.8949474840388,19,48.00011911170841,1
80.36342992677459,70.95218539637946,30.155553100397814,4713.360623373063,11,42.99514964061742,1
28.24990950687461,47.248333326503335,29.86270234391575,3884.2035609047357,9,35.06986465129573,0
92.20423253436533,25.736951107812082,61.48493509325871,4835.717718468392,6,60.48177054332008,1
60.42018979582857,52.770311591618565,39.66779539947203,1576.853319993055,16,47.62461895541843,1
86.11659728861933,44.897399605071485,48.651177322331556,4792.133365638902,16,54.557719959497334,1
45.603968082448944,74.16965117880075,99.16042667074579,886.8589160562452,6,89.32658829730137,1
91.64185827969604,68.46233995621523,74.74513991402759,4865.276546098332,5,75.35358869424034,1
51.13613429873305,49.167498255803196,95.91845336376011,2179.554141411494,4,82.89447459890549,1
20.86701211842387,37.43140434039921,31.404524402649248,2110.020640387519,2,27.2754599826538,0
92.4305581135411,99.04287729244734,50.57115798660554,3058.025168153587,6,63.86675209577207,1
27.302934142890685,56.32012969568919,64.37854426258835,5115.312901071513,9,54.63937747573671,1
45.54509100723319,75.06193886241897,26.14064495109904,829.3505504707457,17,34.10355166451096,0
96.0049573640644,31.244237406268862,20.33499549023663,2290.7086803395778,14,31.540267527226376,0
96.04857175500449,58.84717597275183,73.6347467037534,4711.545545680012,7,76.09952672367343,1
65.87503104986288,22.202937589557237,71.34556134411483,2501.0614916902405,19,62.85886796728082,1
70.54697697358394,60.436409432835994,52.86310479996894,1555.9531084659216,1,56.714535339648926,1
55.87564175826558,97.12139256941619,59.17152608256261,2639.0120703907764,15,64.02044795849058,1
43.456861735845166,50.736537038864014,53.23544004736717,2450.6520071600125,18,53.55525884713737,1
46.29316362959328,23.119681005992927,21.92040358759111,4993.997767040177,3,25.764293122298028,0
73.80147648616307,22.47646327354748,46.82972849739699,4257.285003566866,18,47.72017506963723,1
80.1899623550144,51.03894079574956,34.16658043178319,3024.5546675712303,2,42.460435389206644,1
83.32632349806788,32.801994917055524,27.8739351281095,5344.178720263541,10,39.229820939277644,0
83.16945142356431,21.868167706254873,96.53763471114799,2833.332150124432,11,85.78076574088227,1
27.29648824389523,80.49708911601414,67.94877800337325,879.5415879373211,3,63.659403300209874,1
59.553624376206514,56.681840710551256,78.29250273892822,1858.9167447119275,7,71.07148162090245,1
24.604700801331543,43.139581757812365,45.2290994612894,2693.1383050527006,8,38.59005933934005,0
63.96231058589884,92.00665464131846,51.45177035952122,1353.1325959013766,19,57.67439117447602,1
55.32244010987016,29.29111681604205,38.95391951173788,5148.312606355406,18,35.62559707405183,0
91.01633462066398,96.47350631642554,27.75725367723398,4280.874709525311,13,45.73226867445123,1
48.07320100416629,45.117337390188226,34.3225309953267,1887.7785620533086,13,38.7182926506724,0
29.36536131420847,91.0722937846945,83.80112362371887,3435.861760885996,19,76.6256349002406,1
31.43933456422687,68.23543011835693,74.20366441470208,4062.955954125946,12,71.54031376158848,1
80.92085053739778,86.136588779319,63.75431007883815,5118.138858752631,17,68.94451952309345,1
69.45744506530089,98.72105305683715,58.00718982934144,4831.849676041971,12,64.93354411695083,1
28.08981408982322,43.07243502549966,93.79474269248996,3072.9226854634258,13,78.456196451099,1
26.728544489199795,96.89083883260744,25.818795822293474,4318.332575006485,12,32.76219199738541,0
76.0775305167296,51.15855159219363,42.448065059033276,3298.294818372408,19,45.8355234125028,1
25.821040509135482,50.84095237895379,47.99502828565713,3252.9786722185927,14,46.42350145568431,1
85.7488047432285,47.230968340360455,82.59406497702302,1150.7614000233211,7,77.37196304051572,1
76.4993781725197,63.312608587806814,99.4011696129577,1205.46075847753,13,90.20762467432445,1
26.50790245135198,32.33160345427897,39.253641180572245,3141.7613521077956,6,34.42917239657657,0
26.787017126815353,64.2969188286409,89.94458673096645,1890.5354158992318,19,77.10334145216024,1
98.93116628009403,63.33638499280032,86.4498208345433,700.9771318102494,19,83.23896076582159,1
49.941663660489624,80.9521450083896,37.97259181134133,4069.628178721019,4,46.36037222566527,1
49.65137176535127,86.69199695500684,51.94660641593781,755.9356641127918,19,54.49716267550371,1
85.0239653806002,55.23530802499393,52.77382954340153,3457.3288372994616,9,57.61577771645508,1
95.7798861907087,44.1866599481195,98.25765348212467,3188.130211811109,16,93.8250772393032,1
98.88008510582966,40.746791785367556,34.47135211031187,5250.310514773461,4,44.22410643142284,1
80.27025482071534,35.569906936389756,83.93263768838256,2924.22306886868,6,75.86535426904999,1
50.10076684247326,24.61180657592199,46.73541713384879,905.2868946134273,8,43.51663201151528,1
26.6800573358935,47.395838306777065,78.46962766209283,3248.102245471016,16,66.38918652655452,1
82.17175327419494,41.61981537046266,53.60088034365303,4637.261618957287,5,57.02565549662426,1
64.6723399788644,97.31339086931258,66.2687810493232,5384.876564550912,10,71.20048186310582,1
53.937760739758104,64.61670610000351,86.60894186609049,2665.647233707548,13,78.96806101577259,1
92.50835080757888,47.78216312244061,84.33324519871073,2137.433963984364,14,79.71518195980272,1
28.895798584492105,66.43740807949568,89.31385468317602,4951.935825369595,7,77.02025872283545,1
59.41000834326873,31.13573610765564,24.769386027572722,1517.9622195653826,6,30.492521028564457,0
20.908291581393527,55.523499936176236,75.36404424317959,3554.0587921580477,7,60.59488228500693,1
57.4928513595301,70.0987457136851,31.198990137741028,2547.429236068549,5,46.23926267710474,1
24.504262054546988,59.11182654339611,53.265485441472876,797.1953517866654,18,51.28459859781691,1
29.505433301445755,52.14230405234594,63.88707320437508,2266.984676667349,12,55.0094734355622,1
29.40209974216839,99.50787111197586,52.21915877974646,1873.096908012838,6,56.35002758271095,1
71.93682416928509,90.42518097191416,61.5689340642406,3893.2375389287367,1,64.76027317098789,1
79.68359034123387,69.87247665275521,99.72210470388953,5154.194388921207,4,91.25048024349563,1
66.66950120777277,65.55018889458262,30.817385097028378,1886.6264994174612,19,38.441146001021586,0
96.97380387796335,69.65283838596673,74.03648362691405,4495.036507928073,12,76.71716518714848,1
49.98964636189633,36.10496862579466,51.680077310849214,865.7271213043657,15,45.92753591348798,1
42.85696690254886,51.61101946114549,30.6407839125863,3182.980848191103,3,36.395592481990285,0
89.48793025515683,23.156762631271945,32.698941069944766,938.640305807494,8,41.15040484375131,1
37.88766708155621,58.04368299894613,95.94184849964935,5083.358357427069,11,79.89503526266265,1
97.0578031552489,63.44196671661305,90.36811973694097,4278.486146675473,16,87.65443770503609,1
20.972357975185307,38.21997888825677,92.56335683320175,3758.159573782043,9,71.9132716087127,1
97.59030613661112,97.1223077732411,99.32262206619092,4554.702631798389,3,99.75618946135128,1
23.45279295604609,92.75636887497936,36.66523120068143,3708.095018736783,5,41.71980001800589,1
91.29144909584569,77.77145883647248,48.43514698912494,5250.933106436598,14,60.84197933232901,1
62.21608872690399,62.670930301229006,73.53752239398933,4026.9981497509034,15,66.5861348893425,1
99.43718368954403,89.5975327718148,58.70420318885178,5038.361325994784,6,67.4381978712003,1
25.90372517883191,30.452187505877035,53.47116267026668,3082.2330816510625,4,43.66556812931992,1
64.30834275210566,83.2407835419908,48.62489994684744,1161.9091823129406,8,56.57650642371767,1
97.54420284952792,29.985665117347864,67.50245055547617,3135.253062830482,19,67.49137498274786,1
61.847827533611905,83.53685300395243,66.04747429120656,1208.989574702848,5,68.6022088180446,1
70.351891050821,42.06140546010856,32.91662672513921,3443.9687000467443,13,38.88568012745547,0
75.65989511876937,90.16724648145511,57.73918700147512,2915.966690532782,16,59.701328009182404,1
56.36328518142186,95.52336750603183,64.27774209678799,3588.361909597352,1,67.85482196038477,1
70.20464640672508,31.90367755240925,65.62295509851124,648.2255090631917,13,62.828415331462146,1
66.74514495384801,57.01404840523148,36.80857543298814,1535.2343599457477,11,49.69089955022011,1
92.09264083927911,98.47899025301481,79.38171138018294,2958.3860731782283,8,83.30415218855082,1
23.63571042731663,58.67259487785173,22.01592758568557,5162.417095627848,8,26.426764083886976,0
42.477055167378424,89.08380180116362,48.38654844345301,2441.3233937047603,14,54.24522201827472,1
96.0329187261247,67.09852177050558,82.41701188285069,2636.9857250574464,13,81.64930750604714,1
91.2211027112733,50.02639263356815,65.11143368443219,4030.5412272317863,3,69.31587469535516,1
56.45254022285704,42.862684442069614,40.89299460086882,3498.2052349733667,4,41.906002603850894,1
69.61060782412294,36.257847286886985,75.59624954744382,2034.8455204719994,15,68.29994751188009,1
42.19049463849061,80.94385531021578,65.39127553248588,2571.9186987236535,15,65.99647151359076,1
35.0496927779009,50.92324054584223,83.69948875651097,1644.9590345147158,13,72.10231075338292,1
57.09587239519857,60.90203697606009,78.80201489518586,5236.903003825001,9,75.18351217583495,1
48.268178242084225,59.386038400094556,68.80863376289878,1227.0450314753266,10,63.44104402749663,1
66.69248894806977,66.1823223386505,59.05421402486512,2384.8165659188135,12,63.795740515151024,1
26.218770957198785,89.24617164996418,30.654570053401873,724.0270666560538,14,35.45025968190185,0
97.95158461329332,98.45914748667435,40.9066414308307,1664.5415612810227,1,54.84864819363184,1
98.89685955836823,52.606736685905354,53.52795783336682,4346.261464224744,14,62.75318975291631,1
75.85293712157961,86.20151376850424,67.9439429605111,1565.6411149866212,14,71.88362685679985,1
62.88770930752963,81.16222357237741,61.09662841722439,984.3043321390348,8,66.2167615558031,1
44.76220930290622,65.88231611644586,43.05476207676236,2877.3752632537116,16,46.93395418285476,1
85.10360157655589,96.48377148895464,20.517148623176844,647.8523267256887,14,41.58602817898897,1
74.77849380431034,36.037961242272225,59.69913775206511,1006.8775412463992,1,55.75582296518451,1
33.00935514759131,28.74113682476971,42.85007908497945,4476.60417390228,16,39.20395001870546,0
92.8741747595074,88.31695735643378,78.76866405684281,4303.072055326111,18,85.03994912981463,1
85.80297943385352,55.13198533069986,21.915701221638678,4992.666337943501,7,36.59457615797343,0
95.98399306335392,87.75750833656484,66.78622490446327,4701.674092371598,15,75.67573903459255,1
78.0575606710688,91.44721641563319,95.31793900048524,3879.242703551127,17,93.45702178213219,1
69.07321567486319,24.996607489525715,33.95274136891996,851.1977150431817,19,35.85197639957905,0
53.45944290324951,90.67718103888485,57.73195926004763,4357.6733663359555,13,63.747125736858926,1
94.61827866832107,55.86552442955377,27.313759345371054,4658.45189203469,9,41.064744560321266,1
89.28511116003267,60.83459912033858,70.05455298090821,4435.594299705381,15,71.03683881210205,1
23.617493608495153,70.12740088745682,64.04253444769805,3040.699369478525,3,63.08689866579208,1
22.109357959780162,94.11060853840694,52.589241937026586,1717.928825517512,1,55.44007106430971,1
50.117069350243966,21.52928755438112,61.7101617178993,4657.583883305888,16,52.66706268966885,1
84.84426646254663,58.14747746542537,91.72597267752082,4090.381486752665,8,85.78601858947981,1
98.98209034519556,75.01776339444486,35.70354418488536,5307.653637066487,13,51.165698843082254,1
32.033351288282255,77.81655661585827,21.80516093642778,1347.324469228478,8,35.11328514979851,0
67.5304572281708,75.40259452296864,88.93319077592808,1683.1899986498643,17,83.77211246674877,1
50.47126853048172,30.75481035264975,66.16936659103251,1616.631119431213,14,62.91846575285441,1
97.59315182516826,43.9516470697345,91.2526764369474,4404.190884582416,7,82.5151279452585,1
87.36951385085669,48.69724203336108,67.75561787305381,1497.1550229605673,15,67.77424038642894,1
87.06629637689103,84.3549766143604,84.8128871967762,919.9671831518692,16,83.55650110203794,1
57.49545278359762,42.30078979316424,54.373869068411835,5393.091871611017,19,52.04148752356331,1
53.185560187013216,36.85639710937625,79.9887945030615,719.1226149367159,6,68.55220673738276,1
41.8725657544565,96.5958415230477,93.04331735118848,4609.171488762555,1,84.47796987745981,1
24.51003973207417,20.709062809077512,65.7698370977765,2353.7608394431336,12,56.28209495958754,1
89.17779010040425,99.82566845455825,34.462812044990365,4639.754206837513,18,55.31960787242266,1
85.03208073040621,74.14570390859166,41.50380920241585,3262.178357813496,16,53.73462316046901,1
99.97741386289044,86.27754395592936,35.89156615179246,4927.829901534528,12,52.11363618929895,1
99.73094696591244,43.56955170769545,39.74856220765864,5045.726334790208,13,47.95260226084686,1
64.4345364482102,21.145222213364796,44.51323594808291,643.6712701477247,8,45.47984644584982,1
81.51899321444084,79.0295614849224,64.41070294025508,961.9784447653838,1,69.77007716555539,1
95.58125839059424,86.73156776005406,67.03933035710662,1801.7219019401064,7,73.9848032653727,1
87.97179125419292,79.23809055628153,54.11997977934889,3812.713998544808,15,64.04785413171625,1
39.78784813945581,31.428022984067088,69.23366238566683,4863.706543255229,13,60.928085420316194,1
56.04353082480748,80.27423378055752,26.525994048909276,2807.721366211021,13,38.707780464987295,0
30.3327532121196,81.51382256861127,27.023058964652797,3513.470958116474,9,34.11847581699043,0
96.32408218069779,72.6832412536044,33.746356828612676,1504.7992934186934,15,46.33131696152017,1
68.49397075607041,81.28927462364689,61.44619984322758,4463.840802632089,4,65.98109004589982,1
38.29142444027702,87.67371517421857,37.119574295865085,5243.174934496655,13,49.21296489554589,1
73.73605475246853,69.08832913899667,42.662752279406185,1889.2748779900678,12,49.06625763940163,1
69.45025923663167,27.088377117574325,52.025026893839524,2975.1645676826224,5,53.09725244088668,1
48.65301744262724,59.01022477337687,84.94928992083038,1013.3573304305942,7,74.2628769582883,1
29.08460737597032,26.211946773728407,21.10897087302881,3283.8559510222485,8,22.1226996617488,0
73.72585564742397,52.60344248259447,71.95030561892979,3013.3605208640665,5,71.14445561298928,1
61.62461607230347,52.56851913005021,73.51012248325483,1293.2951239443723,9,68.07553970530704,1
81.78547133885115,25.280787531219325,83.89246242853092,2721.91782296676,14,75.28118212346318,1
61.61308008895947,47.905642717558344,94.62023512482506,2203.7023300155033,12,83.12016252077993,1
88.1745200254832,28.879847903305187,21.611027915943186,3104.788201464909,4,31.337979406951675,0
64.15254710195885,84.65881680073777,32.30269644105729,3411.140810058236,8,46.723787205985,1
64.87503772283091,95.81504207715766,90.89370352447945,640.7787773146057,17,87.60594006266831,1
90.1322882126676,25.78531802063509,56.68148497496123,4252.828718157865,8,54.287659919633775,1
52.27862929699177,96.40921658333612,65.16725111467707,4022.468600936356,1,66.13528462405793,1
30.72121827605126,61.80612794693961,73.0421762978518,2358.174653791307,2,58.77531964702509,1
22.302614105067118,43.96525423630991,74.325328359651,854.0924907303277,4,62.07189416731154,1
80.41098045388952,26.14896602209308,94.53923226532066,4223.676190968242,1,84.76958748381952,1
69.62476410827718,60.04994144563342,99.75595339293358,5184.840770295035,7,87.18607355258018,1
76.32638144793788,83.56124355925989,77.61259687447522,1752.727660905668,1,79.4830380798893,1
37.03713292071286,76.56691818133585,42.977696736412064,2152.918145937782,9,47.98613014891957,1
30.90971804694158,24.0180809171179,90.38019218354749,1482.3018695127118,3,70.00154932191714,1
21.163573253430556,25.832146829432283,23.93767316326093,3369.2933920552305,12,26.87879753934841,0
48.04700470452776,52.229862610610965,38.4864682299597,1343.2386943077836,19,41.436736977792755,1
67.19341494837064,43.623239523835466,91.79085739709718,2309.7309286146215,15,84.89663510847205,1
51.379523607978584,38.59074584448383,40.495321155148396,3945.662466884462,16,38.570907288472796,0
54.99799376189833,42.48035991269709,37.65208476973988,3288.5567184448723,10,40.439941286824734,1
92.33269555949987,84.27861946375077,31.05002345121978,2455.0203087740892,6,47.926209621308125,1
47.86043736186403,94.33824429054832,88.72894061175332,2617.198088676201,17,83.35883463344781,1
61.119159132784866,52.408215562205314,60.00466073528693,3298.1322365915016,17,60.46503068752593,1
82.69224101929144,92.48888017059977,73.99145624433238,628.1506938583742,19,84.86744218484213,1
51.72342258570161,45.71965609983056,39.125310726002375,976.8473685773273,18,42.91431161810101,1
69.76693601822987,58.11495890750333,80.64323368089731,4830.038725262456,11,75.68102830073904,1
88.98909669973962,38.08231982527998,80.80044359696788,973.8191476381957,7,73.4286239494954,1
95.96164989261138,71.23808337406751,45.00784199266401,3992.6572618104246,10,52.80523643955914,1
31.765878474323035,98.31848921398472,52.85461064082263,5016.183187723453,7,58.85140426455817,1
94.12701001291956,68.2794476834703,36.77522219441607,1899.2813006483093,5,49.010055878718305,1
59.369303446363055,48.62512672908391,98.12488186583235,2378.3588978856687,12,90.09489853889092,1
40.659551063916666,71.82539567924226,71.64820616467293,3330.8227480546384,16,68.762909563516,1
56.7308604990609,29.833654277231005,94.76351045724124,4832.203054265206,18,80.00225348340858,1
98.40260602283817,91.09272642123189,44.270843490330655,5121.146818850017,3,60.20214810162618,1
59.40944751942957,60.24671606238691,82.55127303975118,4149.903590934087,15,76.54226919520923,1
46.300128823000655,55.94797936317136,81.26869151077936,1015.7748521025313,5,70.83616639474381,1
70.67206834533806,66.86918307628153,75.33245214932333,3811.9399465672836,13,69.86089881012857,1
39.21164950225545,69.9827090231522,97.25111802134404,2569.457864988778,19,83.35356614072029,1
26.06906624869311,25.742064498121042,51.48442688850524,2859.3647975570957,12,43.77405598558831,1
30.310377752851938,74.60937769787219,30.457385887180585,835.9122736568497,5,35.76249883617885,0
30.243667116621793,39.35453442524236,73.73670873952486,1517.0982688625193,6,59.48325924902712,1
32.15221548098355,77.11621060052718,78.3447840381765,4394.46531616151,7,69.7351921090252,1
31.10617381195281,85.80278355073574,66.00484587670518,2779.002398629727,10,65.81120065204279,1
71.26997958425717,84.31668060420162,36.5454314506717,2047.9787598295145,16,50.416192612527304,1
34.55040675193159,64.20007739263113,60.35647533354843,2443.2915550317994,8,57.404924946975314,1
47.65338266590906,61.613591384860094,44.97517892553035,4701.117663963265,9,49.04686720808721,1
91.74307279248094,31.430076907152937,54.19732225333512,4195.195283543793,4,54.150231097090995,1
57.916931221029785,82.02769203225085,71.61748606757311,1907.1139064691972,8,69.53308415178367,1
73.40461908168217,41.71275043573715,79.61717941526676,1164.008833019392,7,73.621661167056,1
33.78558969613039,59.73563382543573,38.57797527210745,1809.5914638915442,15,39.02374855684449,0
35.38312150469366,42.74192743420134,52.42602885175627,5019.630965062722,3,48.63377403324006,1
23.26948930131831,30.706269039975453,41.53292567933033,3391.626421678826,17,34.644362538619745,0
33.514805045773166,70.36461575133893,35.89052910894953,3160.7050019749577,11,37.40605763696426,0
42.287227122556686,24.346562785832305,82.67097759966707,3462.689278523815,9,69.33691031811505,1
34.160838742139745,79.891618730096,92.74021555495939,2356.935675583273,5,84.08011121366246,1
27.096202700564447,45.406943620889336,49.61857485476614,4474.113697533661,10,44.346832358739476,1
29.650869688048065,20.010775440358827,80.10231394990134,3111.773996641199,15,60.4799413692502,1
56.86230144261806,60.89033113897838,91.75962314915289,1160.3899332902186,14,77.47788671362068,1
36.5066974724634,23.74815268220825,87.68993684241852,1219.512599179502,4,74.10518361196257,1
49.14158888384604,42.09356462567196,34.625071083138074,3176.923903212568,2,38.14560449163427,0
60.27338166838855,76.5581189964573,96.50335052106891,5095.537046740028,12,86.86108387013861,1
75.23158629034923,25.015169729749267,50.134115234357,2080.0901840457536,1,49.403070939409716,1
23.144971187287915,87.1470793884802,47.13925289390691,4773.797610524248,5,45.71462011180218,1
83.95283191272341,20.30559381268665,24.994506182222427,4267.658815578621,6,34.37471513389967,0
70.23203115927262,39.74590953615218,58.89389232839064,1789.4997259531528,11,61.72263111795784,1
26.540722555909753,79.27232449216572,28.721089251274297,774.4355919179638,8,34.41120551534458,0
89.88628992854218,45.30161197834454,39.88318567419408,1088.8668726834371,7,52.9633293312626,1
93.66979204254505,28.15139104528108,45.35540974138251,4096.770882467713,4,49.78915448321948,1
24.8862367883891,48.81871350403423,84.70610587933473,1558.4147425951041,6,73.68352291648515,1
42.1502118517763,41.63146291076204,90.03909203167171,2382.10041842589,16,76.20905772514232,1
84.4961023834449,87.41695217284439,44.19730539691757,3008.1559968308393,15,57.33733433929569,1
79.86077523069267,45.06783340681145,88.69584969956591,4082.2472085607815,14,84.51423757035232,1
34.76168154851018,83.11459774208058,88.57847498958328,1143.509871643802,12,81.2517822635006,1
36.747945866936824,91.34977158485879,81.17207603078988,2550.558745331815,12,76.78480699598789,1
49.63776822331056,54.70539356612236,31.735609121214523,2928.349963884938,16,33.98372697712139,0
58.761838815281706,92.79545150835136,75.22582775205832,3195.9699070633906,15,72.3772558432733,1
69.46038172242368,50.18544431705543,95.6019251664455,4528.131078697041,13,85.78533147047155,1
49.51309116558179,97.12627331920865,74.60323830137256,1424.055336207441,11,77.15373809442184,1
57.002777290651835,27.143161962045834,46.52934792862672,4477.590968767787,17,45.44933657243593,1
79.79767505070052,74.96154132025941,60.0463453944665,3925.8164529439305,15,64.06371495401265,1
22.934656231247832,59.5051232365543,71.65800346808429,3268.179908155005,14,58.84822856948611,1
40.19495554752166,51.011904436451765,60.84563269828028,3957.733777932345,10,54.70580177142464,1
77.0679668707642,70.61695029988807,29.596235338477584,2577.6851469679505,12,43.13206457092622,1
91.61654701497595,76.3085673307465,44.96512357216165,1264.308412646998,16,54.95144034788,1
60.93419536925329,20.349061572024727,84.1916824442906,3795.673153273763,15,69.19777371140019,1
62.569078821225254,33.3562470997759,88.91344368764139,3118.4270720909867,10,76.52597494254587,1
28.573760907182084,77.0436840507455,30.98400261724562,3668.9990426053223,4,40.428241916005845,1
55.79298934587637,73.31083308625651,96.19094019189797,2222.394148936752,9,88.06867027492534,1
62.60938131640185,97.28380041029418,46.30580942788875,4952.959571231212,9,56.96978742926675,1
39.39764029077837,80.88302322006264,72.9850990984576,3419.3753691627694,11,69.50864165706732,1
41.539458475950475,96.06181661850704,80.1460116765345,1009.9319245961943,11,77.84475284245705,1
50.18273304836981,76.20324012278456,84.95569877103067,2759.059155381258,7,78.20662196382925,1
21.60569582221811,43.844176691155454,95.65997617807442,4230.509062769444,10,75.95730096630115,1
45.76633324665426,28.429193780068516,45.03356384230581,4411.845896314908,4,44.12921166213902,1
36.91584055972357,82.54590906759485,88.68051636412436,2974.0658532660423,5,79.54483333466015,1
46.19978817423317,71.53193771807327,30.53495227489656,4894.788339990245,5,36.65703067133828,0
29.580970545540097,23.8548809914637,76.40327250828742,1884.8084985326284,11,64.38426850661133,1
91.2421824591916,48.80403727207827,79.35821836111887,2570.8737467436795,9,72.8178312223775,1
67.48739628432389,96.54398523874289,74.21785929610564,4913.265170731056,16,79.59385438486859,1
74.32818553155917,60.0320916568161,40.18517889081224,4902.032239063578,9,49.29657729484038,1
83.13369908858706,54.61833088157637,89.84345176121627,3891.4212903584685,4,81.61491926289725,1
59.87537591432458,56.61596841274352,33.5086770696316,4723.106626186657,2,40.978284705576314,1
26.953623046993897,36.7106179204131,24.290783321666467,1026.1116813899168,14,25.69545766888304,0
62.968523345483824,49.49657366918362,77.39719924895297,4751.975885797327,3,72.66325548317728,1
66.94728944167034,49.58506047897413,58.0380572186187,2138.9755514410886,18,59.682355046121856,1
79.6351579347464,24.188401614997794,87.92784159669408,1455.9912596554384,6,78.04575009230767,1
54.53276369837435,81.40541028143346,50.671771284660714,1748.9752144418223,11,57.3537321582008,1
30.2064242236451,53.32035455231032,33.462287080617024,2606.248838466658,18,35.72295292265279,0
42.702072463897956,85.77439094531387,86.91537539758957,1805.7216221014426,12,83.63558248008243,1
49.046583711890804,88.02784008959163,63.91277053120574,2138.7244128791954,5,67.74731670898163,1
71.67337930652809,36.95952437589264,35.13566339122839,1247.896733143882,9,39.935888489580265,0
65.66226437351295,72.58827857361028,77.63071988691566,2021.648474683193,18,76.7008087949759,1
48.4877380718277,57.78254433303854,60.88909107916004,3346.9623098016054,19,60.01007068796207,1
98.92121990343837,90.4125390337188,68.34503857922559,2720.897798837107,3,75.72206753545613,1
68.46198554855097,37.25925433411633,56.871867056526554,2264.2500539323737,9,54.99197963347452,1
38.97814333887956,74.22505602480354,86.29671870544051,4182.970218514147,4,79.81719902191642,1
28.1425978096323,68.62016978021781,86.36501725464399,4888.847862687926,17,74.94053971067719,1
32.22873113474656,43.624118205746626,76.7511057459509,4232.588269931506,17,65.6240452039125,1
39.67661827076065,30.92807229209381,28.43211019171698,2193.6033701648603,2,33.295388849558215,0
32.85450986076445,72.13118083818213,87.1083089523255,4173.322405620258,9,81.79034787286552,1
34.925361924104465,79.08779665058645,73.68103844263278,1329.5048758754458,9,67.62545080208545,1
42.807613495507766,45.250187501068,75.76193328034395,1225.5263428381963,5,65.80022294388492,1
33.86988762358038,71.5866083217851,49.03862723230973,2259.0097777735627,15,50.29352147830736,1
91.74123397011401,51.61047260892026,90.34236449256053,4476.971371411473,15,84.93588399712354,1
26.418699652931377,77.05655066260942,78.0297280187886,1782.471586763049,3,70.89480693770693,1
61.960911165620374,35.93722199152425,29.007237322335556,903.616362713662,19,34.009429082932584,0
52.83174615917292,91.21720021089395,52.622242752493015,1232.2057689905046,3,55.91052984302948,1
98.59028935268852,42.99276771724638,90.91042895681133,4721.975848941985,6,88.38240931995766,1
28.963112173444188,49.42287902049223,23.775736135790318,3642.1597667869805,4,29.62507897575125,0
51.82844792365933,24.647356166427983,96.91332957136396,1815.365584175888,13,78.4736298467889,1
97.55763466202951,28.92097698570211,74.33300546556502,3265.4199615752705,13,71.87912158889672,1
89.24057007151842,61.26895221698625,70.51007821147013,3132.382187641682,11,75.59938414321229,1
85.3657656759424,41.40741413823772,41.64474051903931,3746.092696515174,5,46.59125209790322,1
40.632226163595185,86.83841805937556,39.90334309913416,1719.3002612237583,1,47.47521722899344,1
33.67100699120527,21.175471092396307,95.36465755908763,4749.134338533109,9,72.20250252209851,1
73.49145759395448,50.32752389375489,43.86179633872982,2084.9690979840616,17,49.03942141251963,1
94.35007913020686,46.987643741527414,82.04042373751994,3931.831939085937,1,79.86214581925321,1
64.54103144111438,21.54621047340808,51.44974385656633,677.3983025866314,3,46.698460474864774,1
65.72901515759199,29.949471920040818,31.14032566277632,2388.7542234919065,15,35.775598287371395,0
42.39832749282273,53.09141399349082,20.857223815628714,2288.20712620228,10,30.523372492946965,0
81.55943465535495,59.429166755795734,63.540586961220065,3208.7252571984695,8,66.80510134899183,1
34.96349988460187,52.34317978038953,98.06230548391461,949.1340565305431,12,79.42435242663122,1
45.89433891233949,62.475014272967506,49.53089550473636,4392.63059388532,15,51.67457958091597,1
54.034915089313344,67.61053399245452,48.575386719443586,1645.347848484329,9,53.36702574025044,1
60.6088302947564,20.79390569022685,47.527329427955365,3849.781511433649,10,45.69551203068831,1
39.392778593206415,57.127612756280314,61.64350698438867,4455.418191571647,9,59.807192210128456,1
29.186945979136283,97.07993927100706,55.253190673943486,3297.009389959263,15,56.438371622002556,1
68.8496033953306,61.522582410363896,90.39317013816115,4156.23939226553,1,83.65601589315,1
43.09044425922046,74.20338139671625,60.44166333787922,3776.9294986320265,2,57.57283761079948,1
66.49905771380898,44.949108633350654,60.62062705508551,2306.5430263296366,19,55.95041220426703,1
32.34901722193619,81.91931025222101,31.069727577644528,4482.520987361113,14,40.4512163879053,1
58.4912081483854,81.8337185500892,98.61916327283087,2014.5665754505342,8,90.12327823661246,1
62.60715460412687,61.703683812331114,39.99783126950638,3341.8220052072825,6,45.71827250889096,1
24.145882945794153,98.08110586233708,25.86912539676821,4177.90914787939,12,34.31212407076671,0
46.92834225551365,30.044017181012272,73.05169991801671,2418.988367100036,15,64.33624862161726,1
30.75317415511794,21.35581319116648,67.6293096125498,2053.28451656364,14,52.14083608546187,1
25.06999763782142,81.61265694056767,53.211652319419656,2804.860848829549,1,55.236309746729496,1
99.19681859119562,84.5724429891906,53.77537871045425,4526.224772875938,11,66.11014907524114,1
45.788307597977834,29.6165783296461,82.8051136837145,5063.6244630991905,3,66.35872969171403,1
84.7899556683708,41.24662663668849,35.65701120797193,3216.400381727473,19,44.117318021096516,1
40.37125238110111,21.404189069330315,85.62026551559117,3775.037785553529,18,74.50795182921124,1
74.52021777791434,43.46468886244517,71.89976911160144,4935.713386746788,2,70.40641094310189,1
80.81822879117493,81.85134991349372,53.517581902361954,1073.0248867821235,7,60.206689778978344,1
67.65109924862755,61.436842217006316,56.64228932670949,1713.9771737575923,8,60.44620511301915,1
57.72609508401267,47.84764745346305,40.531776574887665,4002.7200300075956,19,41.37647872396896,1
52.947273131781486,49.73914359250642,80.16914661575798,4553.973417179039,15,68.77873678746153,1
47.90946132343962,20.108290057237454,61.029979384421424,4713.739335986774,10,52.78903693626112,1
94.36233153982607,43.98404220521887,45.668363419987486,2592.5144489036766,1,53.82311499290613,1
86.44955262301833,71.71669933103445,67.68400926087602,1028.8315310009607,6,72.72640491356398,1
97.20215285332101,97.93555550530857,99.65875616410584,2701.3510910381756,13,100.0,1
29.943777878843576,87.76486615871195,54.820982372524306,1707.526032993858,14,57.02048449147074,1
78.46939801629154,21.88759717164233,93.65531206228957,1997.742983983796,3,77.38428546760058,1
95.06723654568303,91.88484837398715,47.60134719396529,4306.884272820028,11,61.24189250343166,1
34.498645293252814,82.65587306389008,24.37861655399887,962.530012924257,3,36.57557312463308,0
25.3197013893422,82.43008988567843,36.33936850947431,4572.38984390737,19,42.48660850109996,1
79.28965194320472,56.63966072028572,53.49561146621474,2652.8116119560113,10,58.20053698998853,1
65.95784905439295,51.840423436360226,37.57079428756552,3461.106869282856,15,44.62774860872947,1
87.34630214066176,44.23325830665541,20.01816305746044,1030.3307099312592,11,34.374687966874326,0
31.18179013010316,25.255588716349262,93.20012301980218,2219.323576114942,15,69.77589837487571,1
83.62138494879122,38.258829079495925,87.51035289847432,1030.5644112712598,13,81.84906141844587,1
36.13018560381956,39.72829079824197,79.38337851895577,5215.4098698293255,5,66.72607060860469,1
33.09247542925636,58.72616557681613,33.42516765168229,4474.855916766002,4,38.58558642205959,0
33.14126383447943,79.79555252773551,29.629086096798886,2806.237220911009,13,33.06959171168303,0
85.16597761851057,57.90478627183573,25.40837995779065,1673.2922319536212,9,42.56846436228665,1
73.215777655696,24.62755595577285,77.9223351018337,5080.584505199291,17,66.90931132545816,1
61.845233981529546,96.62318407905632,94.30463685503082,2254.0636594894645,2,94.8661905716705,1
48.7064387298802,95.41794552752899,54.44286567304296,1372.7252720993988,5,63.96714438419936,1
90.17604326504866,82.81516345187268,29.531253759683853,3303.1890645789836,16,43.97072660047196,1
51.395608593810834,99.30623212513764,60.991425658568524,5130.115777655117,7,66.93334744135862,1
85.32795515772617,63.55858662402103,47.90655259669041,618.3853944015484,1,53.833144369145046,1
55.13079268561747,97.02146802025649,49.985993947999816,1742.999247619194,12,56.53422279773192,1
50.155554353992606,26.048403249340062,69.70644993245658,5104.548673969956,11,58.991443391265165,1
57.01438285356851,49.254459860909705,77.49744906097618,1421.2126409143777,12,71.08440209661383,1
44.110229933131365,38.030501440541265,28.848287909852868,1143.5685678711352,19,33.16418482380671,0
79.80875041410009,35.666646730741604,22.84721846451811,3336.8986358390616,12,30.91118085354203,0
60.217631207398334,31.264235911414087,99.54642421485718,4736.850351815184,12,84.28467982502809,1
38.57701561174538,69.79309132527973,38.618267913244146,2890.1271249308456,14,42.880085326837786,1
91.96596586196547,82.5057484597844,24.306441992676724,5373.908432085719,2,39.54416077981371,0
50.711297709856915,66.26387195362885,35.1900263276736,3860.024157782366,2,41.31122935135636,1
63.48422888911909,31.757016767056776,23.116627707877136,955.5595546101491,4,33.78867995092707,0
92.51776887716376,84.88990159467767,51.34487156937374,5365.594232073482,16,61.75199812693195,1
69.93903967311937,70.87637657309827,84.19214275610594,2557.892336544914,10,76.38573874415499,1
29.351843256669127,51.05325649015964,47.29955598061765,1979.5321624583162,13,46.79938761395368,1
95.18656988907802,73.93042364288505,55.53467255026932,3277.8200811738507,2,62.38679944556327,1
70.21664424571343,40.792398339426626,74.0469418853951,2060.676440740149,3,68.91307356837247,1
46.79244917256689,47.61537667953684,60.71152560559042,1014.9960341767312,19,56.31526881091249,1
31.141765813070982,93.39886745055922,88.91565488170593,606.8560467800482,6,84.44539387101244,1
83.52201514162368,43.240360453713635,89.28285400366052,2758.000094017259,19,81.16978749293459,1
69.60582047428107,57.59906145263493,20.79285563929229,4616.9444266876435,19,31.34655268586245,0
62.67688735810572,91.21129099168117,82.24370451865593,3347.1128910243674,8,79.71612470740354,1
91.51140664407662,76.6177080214022,56.85868801933391,5396.195034928516,14,62.56289651525629,1
83.08777689796246,24.97625809317622,99.10724330429305,1976.8638991065598,10,85.1661461383471,1
32.1339903786201,31.784243542317625,58.65856607003481,1946.1843108482656,3,54.18831280283924,1
44.93776542364386,20.627327261753344,98.95167563106381,1366.797409122932,6,81.59787292339975,1
39.87913118515726,70.47374321833307,80.36554889645893,1387.5052236736087,15,76.89119639443297,1
79.51570340581415,55.81387403283347,39.88839076906451,1968.8956608482295,18,49.179810345935735,1
22.682594778862352,30.741988072182043,63.07159834295661,4405.63221731293,14,52.45000668301248,1
65.59117478970532,96.63472968454164,99.37085115828663,4947.63259505495,19,91.89689536529553,1
80.99669485925524,62.37277791564959,88.6024486201539,5280.41841459687,10,84.066470528318,1
90.14125094093995,39.351463529031136,27.789351503297688,1714.9903396629727,15,38.61573066084535,0
47.366539897272595,60.0482856923766,76.50975974479968,4830.22821894764,4,71.22631038909147,1
85.70058437376103,74.36962661880862,47.646366869665044,2175.6244285312177,2,55.11847850006518,1
28.850538956416578,26.099137437885158,20.55858095042785,1141.6346136810453,3,22.738823033064914,0
87.71618333876145,41.97630520383136,52.27847752215997,4776.119642496795,7,52.90181329887203,1
30.199092986558593,84.55723927071949,38.7803537379977,3653.3070462893693,16,45.03492264030047,1
51.78298324482938,56.7731896322129,85.50954164163772,1390.7083011890963,10,77.49160884372115,1
83.78362926236429,63.72617136258359,46.98644870766124,2663.190036062412,19,51.77396400592739,1
31.993394187901902,54.62528017675754,86.20189551630537,1978.8369354099248,17,70.65462350874066,1
38.34011161861132,23.51199541144041,20.047835106783623,4136.613929808946,19,20.719340587960758,0
77.7802054714453,33.259982385612474,44.62553200208953,2776.3979069964867,5,47.538650662734696,1
77.60292292368595,55.64333109935127,39.293217144620954,5348.543736510648,13,44.697220879029366,1
71.29181063082379,36.73483723263423,38.68538888548888,862.7759148460566,13,46.040749843666376,1
75.515875557368,23.998322292774297,25.454929581237018,2304.073277453984,11,33.617886347403335,0
63.417955467807694,87.4919731241459,34.96994163284014,2913.1208021278917,11,48.31352759124981,1
40.14392471255622,98.49540233312926,64.44396559084959,3015.041062791935,16,62.72857919922085,1
47.65567948031355,83.45142991973916,43.30888582701956,2116.4919474510566,15,52.56864265997804,1
34.527817344114055,88.30279373637336,53.391582586331836,4100.353195668326,17,57.09791835270252,1
92.67604490669027,39.35817042536363,50.14935042777508,4798.785952747079,18,53.544986319492104,1
66.67134358128963,96.85015804105598,90.07239399999156,5105.852649493742,19,84.49536519393632,1
52.06811334109119,35.75405635627427,92.42391992084124,4464.448208637726,4,77.71781495305586,1
56.96046429153061,96.11438482894658,59.436557732468806,4682.784947071677,5,63.63395495607719,1
95.78266716894522,99.58554351727608,46.41247602524835,3242.6174429759785,7,60.944111149493125,1
32.26811224928642,76.9378244596839,28.544056320189092,4564.263486848709,2,34.95086593832144,0
66.89838656134378,98.49149854334576,96.2722303505676,2056.8187639101707,1,93.64191582578891,1
60.47109431075728,65.56318236536829,24.818155592023796,2512.698058124229,12,31.076700376776827,0
68.91633883477184,40.763342654087225,43.81202220546243,2121.1824663290126,10,49.98022334781675,1
21.44881470566724,54.95967085324967,43.84529609360033,2843.459210150042,8,44.14921307679001,1
89.76991271553212,67.48487483030289,45.632102891217194,1970.7821579454546,1,55.95206053231824,1
94.56946259868899,25.846524962161197,33.142947461792744,5215.734922821345,12,40.974290216477456,1
65.21065468713672,69.7874611693797,82.65291447389578,2101.654214427207,2,80.27285882131167,1
75.73206591015138,98.49422694098357,29.79982895727914,1070.6137829325112,10,46.90930588557824,1
93.79995049418366,35.20861198269821,70.79253273225302,3128.722397041984,17,68.34919831506245,1
76.57909074507188,83.40760930307067,29.907682136465397,874.0755765368465,3,47.21081863845935,1
32.20312343314091,92.63190350236955,25.642851007436526,1130.6071982811864,7,40.86204119563199,1
66.10306881334506,95.49612742561766,92.75436029487012,1653.0690681419821,12,87.22591799543221,1
68.53720371062848,96.81084835243578,35.21030130549646,2828.88119943428,8,50.299017350260726,1
53.93045370419088,61.71677109771775,85.70001236477634,2679.604475083334,12,75.16430861987465,1
78.91553884997782,98.1846326393203,63.57046968857087,4438.520937613397,3,72.06763386991604,1
94.74936118152118,80.58481657075511,26.228521568701566,4149.478338643745,17,43.10372880418154,1
94.04548103254211,32.93371489895695,96.4358553150454,2646.3278111553664,9,88.97507462408015,1
56.06714971233057,58.1520085174376,39.7568933593514,2201.7801963630236,10,44.76246028208871,1
29.05904366726042,77.46649402976033,88.77162762820852,2119.0501634951934,6,78.21192733270864,1
98.78729591698676,39.787225265526665,33.50480046276513,4315.176419011243,1,47.50176869622378,1
87.11184691567473,71.24921468391099,88.31543057134823,849.9475498620948,12,84.10895480165688,1
29.97301449626135,73.32803832372954,21.05830503242352,661.5439176509079,5,31.605655833906276,0
93.66735060938979,33.01597950468527,60.942436525558456,4418.6130812479105,13,60.39529820123478,1
89.59170896497027,65.2068249962205,81.55540635372455,2890.302604747437,15,82.70115962947207,1
61.50704457008577,81.7301528782886,94.78364139942266,1228.2294650571648,11,91.40763949451265,1
67.30203485959434,59.91165316287535,92.73617089651896,1730.716486053606,8,83.4715584351838,1
51.920216309610424,20.968249342088594,85.56998956381159,5076.018974867437,5,66.44408174290047,1
24.380931105762507,20.723077526343374,91.05530797290433,4725.614282999511,2,69.12804275154572,1
46.815779331672076,48.562347517600976,35.937574866966116,4006.9682410750684,12,44.32829408231075,1
84.22827588784091,94.09552547454255,42.7347436569383,2914.6811056191673,2,55.47866237783493,1
20.37056184036823,38.2941423682887,43.11748199368468,3097.5534057186514,16,42.523985327673934,1
46.679933735291534,70.74909510973498,50.16431448013591,5281.173769363001,3,51.51680248259062,1
51.85349548727547,37.76606965546564,51.4656536308151,5235.698130644578,10,48.206893601193784,1
62.99164823503383,45.73359917276389,63.56442597237404,1633.2914197720045,19,62.36226044583309,1
93.58844931302085,87.84336716811872,32.79038106931531,4493.301918265527,8,51.48672121082988,1
47.707679549276904,78.30891538159575,75.29973310287915,1546.7647976016806,7,73.31665077429011,1
47.75625615169822,27.63194218505685,33.40532314436052,1624.9798938429667,1,34.701777068692735,0
79.00009984877987,54.296161678914686,44.8246785683638,3845.2465639899683,12,53.440434423037956,1
56.17743527118457,22.333581091621156,60.26761044849232,2544.005273220232,5,55.88697995697342,1
37.96838583519856,58.47121172824072,83.71524492187818,5071.4131541112965,16,75.3646672058272,1
56.195161290615474,72.99472093608544,79.15753865909818,1027.2467275008423,4,73.54164128477558,1
31.26856163038399,29.480209887852126,71.64274851284178,3055.3230758855666,17,61.32949809228248,1
34.110958920497865,43.11079511273326,32.461860846413614,5008.903346126982,2,33.26389341253989,0
59.869421819158376,51.826930040172556,63.76362764924622,4939.745570301625,12,61.07478967339297,1
53.514035960363834,93.56248197248398,26.995720143990837,1351.340224395558,1,40.603227715474155,1
93.187672085448,99.46040123383712,50.189054143732065,2359.860960462991,12,62.033341076609666,1
48.99151192933065,23.592903919649267,53.08132242319673,3571.782720224142,12,44.57355285286525,1
66.44706802224349,80.88063387963136,23.184915155660306,1365.0954469027306,12,40.77604397925288,1
70.58114303356243,49.73792531218746,41.91904795759775,5246.506425819546,19,45.98669473745461,1
21.04755652706669,51.396654898358406,96.45195738131915,4990.79677789277,17,77.84352243158699,1
73.08298976133685,80.34119786776182,96.29060862637516,1401.3608593654521,11,88.95562062263011,1
34.24287734958011,93.4741145716327,48.18616434020314,1181.54621405273,13,52.374554752919515,1
96.88562539755641,96.07428756020387,23.448008715865925,1009.9607174796733,8,44.34578716398546,1
31.893018220249036,66.16980688306566,34.327595146254524,4965.32958737583,10,41.29690810676021,1
53.1699298981619,48.569692744040225,51.37742347468321,1529.3942870182118,8,50.04413153141503,1
26.82797344629151,83.00392686870234,95.82237583753839,2598.167657012903,8,86.97955642904795,1
99.74994014767579,40.08011066098402,31.295925082974794,2754.4865551296143,9,45.160197977775525,1
60.175600826499405,65.12592230668142,81.08126749345698,3475.253012225124,7,74.60322173240804,1
67.6308013856035,48.68627692198985,28.694603149975364,944.3296499876399,14,38.17340722071411,0
25.3661181910742,72.5304858966301,98.50060619130215,1688.4413635224766,2,84.6736076062614,1
79.99683763193423,39.23191303148055,50.5293199287308,5071.153857210845,11,54.93805095714055,1
36.792447447646865,35.32743565878606,82.01876311192449,4960.368514889134,8,70.11205065975494,1
91.84434315525709,93.45912693403497,47.407286624890546,4350.195107547323,13,61.35388646384266,1
36.41117123856057,28.14429463596295,70.2135101727047,693.1259789674341,15,56.92393080278799,1
35.255017653093326,60.47663261879453,35.36128677920294,2169.63248878129,3,40.39442493525248,1
22.923973427847592,37.668222637040714,31.681681543757,3614.2019296459575,14,30.7929937394481,0
57.765355608799936,23.114397066053396,95.0451311654505,1920.9130165126833,15,73.08514473301561,1
65.18729066100931,22.881505463314113,93.41178223235468,4966.016136258131,2,79.37912393541588,1
25.25669115426819,34.01774176846619,90.99751521703058,3642.669416795721,19,71.12120548785407,1
82.04220933560084,89.34162836048002,70.03467601332747,945.1522431189389,12,73.81507271003397,1
56.26310677984221,42.598299518162136,84.66145689730226,4963.2268264113745,4,74.10427304444562,1
61.951221546206405,96.03673364602366,25.52295495290999,5197.279959245868,3,38.45696765913162,0
55.26101975505825,66.52978343913549,46.78312335125433,973.0196082802823,5,51.29488977923387,1
52.06104487002608,54.92913518150129,45.096249980572495,3155.3291273343116,3,46.9824871055813,1
64.77122650465743,66.40710677355636,70.85162575620906,2056.1485546280182,15,67.51844804930462,1
32.419219674457,61.33587081810142,48.47662187765124,2485.6275671107314,19,48.08938253827603,1
34.55425043962169,80.70210030058601,31.880542531494463,1462.3258461856412,2,36.22443994781167,0
88.94284968108138,42.59968527782818,67.7173660330835,3374.7460896595803,12,67.28479002377568,1
95.68923697069062,48.24403132802419,85.15071365352652,5198.300895594675,5,82.13668762928249,1
49.864745302380236,91.52754420266005,50.56987955679786,3014.7484813037236,17,57.218256434749684,1
41.6595738514843,95.71652105203243,30.581497207878535,997.9899906935095,14,43.59123069613977,1
71.51996345912126,91.40465819891796,35.73505578502584,3576.0064006915604,10,51.7839370633282,1
52.698733687847714,53.55583951658509,38.99866441355072,2233.070373366034,3,43.074555616078925,1
22.03090845282759,82.42924024055054,43.9918074395629,4708.44091003823,4,48.65418648071864,1
32.49220778929523,58.1068586640879,71.42360564050473,2686.455111919057,6,63.416213585058735,1
77.2777783077918,59.80318817168818,68.07563876301752,1525.6301229227788,16,66.81617035893571,1
72.71391535281211,36.374408724582715,75.68638892536313,1517.3069889174958,7,68.55821962256925,1
22.16767940027868,67.29042426068132,49.00015876252105,4290.06806746157,15,48.25278186265206,1
37.75777295463595,34.89087182026783,85.91981215039826,1874.8204718753275,11,73.21152091785898,1
38.48598372704571,46.5251759253755,36.32701289246082,4282.7202919642705,1,38.18350868221334,0
73.75141948789827,88.40241612959481,57.52325980145231,1588.259091679677,5,63.24204346043419,1
21.57684302034913,36.56606473686842,84.07509772331443,2144.094569766285,13,70.46252466354349,1
28.32868655876591,25.692662813874627,34.41269181860954,2834.337467710557,14,29.322453656229445,0
83.99328682985515,25.520607409025303,28.789049099262634,5127.340078528563,9,35.245007736363256,0
34.28357296434669,95.26276164024863,90.69471741503918,5072.310838818358,17,84.7038211376707,1
72.21968862814998,60.55363503694677,47.43437302073567,1592.9850020269814,15,56.652974157354606,1
39.05462248373812,52.752965745361465,74.70960999272256,2319.4513979667495,7,67.02922775771151,1
27.955311420747613,84.87028648063347,22.02788834111508,1317.1170645781071,12,32.84313664031538,0
39.453775279956325,86.86607423284129,75.20375107275598,3047.9283807047864,6,71.00887283746746,1
77.78135454845273,46.575282649248365,45.28810492375764,2810.7962433343996,16,51.45131134238403,1
88.45571744850287,75.48944459790363,24.45926828699534,4923.648779763515,5,41.97199744987933,1
86.41758916535933,81.68982526815093,68.78502092384936,5064.025813397148,9,71.856564103692,1
51.77468236947639,72.37205494927636,39.26430528585386,2441.1234768350023,14,45.489036761169636,1
73.44681092565169,32.12760598400795,50.9445793641504,2960.3421264911494,8,49.76247609799303,1
36.39874363326568,90.07064668136456,26.446464982921086,4901.933995901439,14,37.51016526400095,0
43.45181842088106,63.12756421888069,31.773060087595624,4472.197477176294,12,38.5517284033664,0
91.70686548168958,42.597794109600294,43.8381788396675,617.5502944543165,10,54.10119052375626,1
21.04015388085888,54.01825483501551,27.180760044812573,2136.285908081196,13,29.090499087368716,0
26.840682468357446,23.00568723191259,92.86610117490522,2624.5163612934043,19,72.12167276786717,1
36.630900411682184,30.229344097793405,20.48376345471827,1702.6381616795122,15,26.886033737750537,0
22.122576309905575,81.24374004126886,58.708817509144914,1557.943756300506,8,60.21129840999339,1
34.51483480718379,20.000930780429293,29.859796650604117,781.3656316592624,10,30.028644448362172,0
66.64332487757537,53.32526627858337,44.61432715823588,3688.1746803348506,3,48.71819134129252,1
53.713964047399834,61.800814486847074,94.08476478546123,1860.0493943191952,3,82.24051679541799,1
91.41373688615799,24.370753600077784,32.93556426191895,851.2664564703028,5,36.736434926558054,0
85.39548493907527,97.84625303778662,97.26658557746661,1708.7006905347055,16,93.7173340025645,1
47.34538813583008,38.09002649997375,36.46355015915374,4449.186973613407,17,38.54292215378541,0
40.7538746745034,44.33589757090247,79.32528867734636,4687.148071903424,6,67.92919617892468,1
50.375392653381354,44.31540098040219,63.73418119178494,2918.7179769278528,16,60.064361827307046,1
67.22359540118461,38.43333296938799,90.75829820774074,2597.1392179616937,2,78.98894242734605,1
41.4450912658301,20.11790576690491,64.31946044025048,5293.697728808553,15,52.80595726981117,1
69.93191262793073,78.34758352703972,62.7647375325047,1562.7103660227356,18,66.8599292146895,1
52.752932175299236,97.34763998394283,35.63664002947199,1633.7245577021208,1,52.47126433546362,1
64.16377446815842,37.94347866280361,33.2983489641327,2000.9624497747188,19,37.990233909744134,0
54.890122330825335,73.0437753442738,93.31913208924114,1429.2351277492191,12,84.7912521564244,1
43.55726076335341,79.3517061566972,46.227055908002725,2420.9548713800955,8,52.489135336034856,1
95.87626455697253,87.87403032724198,49.766580397031674,4972.004289550819,6,61.255913727415816,1
81.08846353278086,53.81033576108873,80.78589267427107,3553.6696350171565,12,79.33045983934095,1
31.209054061316202,44.23447245123434,47.105878593824585,2577.3434333388655,7,41.132563770323934,1
89.47743807183302,46.02361072184249,96.16499573112021,5085.171813941831,18,86.82520029629823,1
58.99449585996109,77.00970664788102,79.03422151990402,832.6283158839472,14,75.10214364509203,1
91.56417815152732,85.34235732045089,67.7943394058736,1609.3256539289346,8,74.29433339541546,1
83.98842047578522,34.52911742052821,90.4716128435802,3316.2653044884432,14,77.16479707497332,1
54.017080357538674,49.67528065262122,23.968472667958622,3554.65259132726,5,35.037264808417206,0
21.797544665609394,92.155215739932,40.565015375136696,789.8760315005431,9,46.31685999332856,1
41.494188750795686,84.53548157557914,57.2029067376728,2534.5860379542346,8,61.19214815632543,1
63.330737172869355,98.78867222099807,38.158283157721684,3715.939031188189,2,54.254781094413026,1
70.67825758609177,80.33986077456646,79.51241498417215,3950.7386227363277,16,76.83028068634512,1
40.631014834656185,51.45561608223378,93.53664248429801,3663.071532078093,13,74.29993637509651,1
31.14848592582593,67.25102671957103,53.90160959447387,2138.7034769324378,7,54.783785763534915,1
86.79441894394392,72.88114033978562,47.37060800895159,1048.8965932699657,16,56.53799415847877,1
98.75217445628417,26.276465305369918,96.9240585710053,2650.139742812804,7,84.33479997220769,1
62.055214584214866,63.55975672830921,55.58819462620327,1218.0212993666664,14,58.90658124130192,1
33.73434286786428,76.74566627780877,59.123872035942654,5148.593560899202,14,62.885825661275334,1
41.784586121549516,33.38570432008483,48.13198978735243,2880.8201569086154,12,44.750123427115184,1
21.471254123797337,82.45053739404457,92.76387784097108,2122.8440369129644,1,82.42521583096067,1
93.14390452483993,66.70182244112894,65.51643866254807,4278.25954137072,1,67.86336052174003,1
29.42008663121129,96.17774285580757,80.97396697453158,2990.1532443948668,12,72.14793577432582,1
66.12131804114028,23.393783856551337,84.9445374680709,2088.1633152597606,15,74.71632245094936,1
41.92441765497648,41.22609100443736,47.34792335338065,4497.445163475848,4,46.70826898989506,1
64.33424020126347,68.12431034398593,54.6955465056304,4762.330324805385,7,57.22425946641055,1
72.11363106814915,43.724792976474454,87.87774195250117,3830.4391981856497,16,82.30262158949515,1
86.37934429657614,77.15393312569938,49.06042813406482,825.429227556803,3,55.343313367872895,1
36.513701740848255,80.72042260175448,83.5148106761481,3318.349824799354,7,73.58542597285005,1
20.879666292678436,28.201277125317958,95.27938580595497,4263.815577586952,6,72.97197638736286,1
30.950850405504582,61.108357136541414,69.85682984544056,1255.2144580011945,16,61.995868008474076,1
92.0014913478484,60.71124444728447,79.33018299615111,1697.6196066460961,8,81.36874788163294,1
89.91120620500122,49.54246161724328,84.4077849632908,4835.9765043270545,6,80.10189552326176,1
67.79304817362467,94.63398900557377,87.60317191173141,696.5842648947554,10,85.30036793589221,1
68.04134883469227,86.2005055898577,51.604267028543674,4213.090261564685,16,56.719251548081296,1
73.20293396370045,75.77675055277095,24.101076734079854,2874.11180406923,11,41.39097347500966,1
34.02970228987597,77.14613085879981,52.15010169893916,2744.506362430113,13,50.9081643946243,1
93.15295567399679,56.93729150504953,73.90049838272718,634.0633559754584,6,71.69466336204563,1
53.50164199136585,93.67956168772606,56.028030862463424,4533.111508639166,1,60.496285873693836,1
50.65108225995979,75.56763418026283,79.91705206883188,2327.159523055519,19,75.20113196352604,1
61.513416422627,78.31848493246531,48.55859435749311,3195.6750302426058,12,53.525516053188404,1
23.757277342004404,88.93527230298761,70.77953128832236,3851.0432944111653,6,67.86358935448966,1
33.30266950048635,41.925727147375284,34.913584388317965,3972.6219669019956,18,35.15781601504032,0
79.04268931410964,84.56567230933624,79.94955493159655,5188.704282365147,13,82.61148057485762,1
26.623893434010117,35.61924823651936,63.655677505042064,3150.431775535724,7,54.90566672827501,1
68.25216875731105,47.627356179591025,36.325151083728045,2518.6538446772524,13,46.39249317987322,1
39.627928774505676,46.848836341587415,43.35289387982458,5177.777407160198,8,42.434082631536185,1
51.143649123358124,98.28203747113125,79.88869668654658,3682.1291281225012,17,80.02388271856721,1
43.09549894165599,88.52297789983415,58.60809885292166,2031.121710127467,9,57.19481827964131,1
48.45381731719593,76.09358892722078,37.28251523144578,1207.0283779371416,13,50.56318898482633,1
77.52367241473964,78.16454092923121,97.38169522962382,4644.26160703287,2,93.1083117292748,1
43.769737249854,64.96582355220568,77.21000158535104,2338.471693411928,4,69.76472078560923,1
65.31237122375177,95.76725336868152,96.57078660318369,3770.2546625492696,2,91.24324388982787,1
58.08403217592797,59.70070023058892,54.168403628827456,2859.918812956311,4,55.09154625388221,1
73.09369322901185,50.441416789591564,58.00802725533764,1554.862943016184,18,62.815958827730206,1
94.94637914598064,33.04282695452728,91.83641729480154,3488.095721378232,5,85.28097202211971,1
78.60576777682002,82.89645218088464,62.003947219630774,891.2787309632752,19,66.74145944262654,1
37.19523028726054,78.75551456604731,76.58231295245338,2584.0438073817227,10,68.52260075846498,1
22.494650804902776,50.74840308193079,40.173830199642396,3223.7517103856208,18,41.50034849379054,1
40.98112354398601,22.01547311673835,55.738117496211245,2693.0254757691796,10,50.143269599083766,1
67.60623445602039,87.11978621744086,29.87598926482841,4193.626441204756,5,45.534836980900266,1
24.114065078740026,20.91343867632589,36.478402870156934,4574.0397818175,17,32.121518701605936,0
59.70929977609891,76.29598237032408,20.075473221410487,4301.966755359254,13,33.854388679129265,0
67.74742791335115,97.62056877808456,23.14120413189282,786.3021494966501,17,44.3744894189998,1
46.73951126535687,55.01290625185628,98.18270585415435,1531.8180981406667,9,87.54729520409896,1
81.67297629966575,38.79787239967622,39.388295610940986,3175.7160444661167,12,46.92268398384323,1
28.527860250701742,76.38968080347054,73.06485676032015,5087.145794130246,14,68.82271262002976,1
26.0110225388647,85.37025136124682,87.12797590396892,4607.792520250161,14,78.16897054613638,1
78.25510049628826,63.71442528622779,64.05283673892514,4644.165640088648,8,63.39244303969119,1
59.63930529649588,97.36282202049169,32.251560006716495,2055.3993300464394,5,44.16692559023039,1
75.07219171421889,24.13349773263689,78.24931498689331,2661.3499059777723,19,71.94773771395256,1
54.7861870882997,60.38364786436225,68.02011280796664,2859.3885471164995,14,67.43696490409832,1
39.712162659128545,77.476315785804,78.50004714779001,1355.38360007957,9,74.63655878681213,1
85.52818541393597,89.01123769193431,81.57972982856697,749.1270251733903,7,83.97882896605148,1
83.95327031751833,34.340448952623206,98.03282941477961,5145.1339174104805,8,88.54963639345749,1
75.57571766835414,84.00027854109452,65.8850624021368,1755.4204111848323,14,69.93966852391459,1
41.771610978397014,64.21656605748362,47.331289015248146,1751.7547378734303,14,50.2729095391324,1
67.21845334952697,51.724294559197055,71.87716455201897,1000.2194580900458,11,67.74606263648164,1
48.87791175520214,30.537202286327485,25.475256739410092,5056.837209330137,14,27.63137555751674,0
27.326565866130732,89.223660712713,91.7917854657269,3382.7381517109056,8,83.46592775782993,1
93.38508603697943,32.581856654377226,29.550480907055743,3801.7769142016987,3,42.1306268479648,1
30.945490473516912,44.78302873672794,46.22742703086546,4975.569058862652,18,48.666394363975975,1
96.0189883056642,43.20364255699495,85.25963045008967,2258.9768107237896,3,81.09319394725362,1
55.68046183663646,89.71312273526834,67.78499026645694,3583.235093462804,13,67.16291123554912,1
34.81063430708957,73.81623953671183,51.49084162219537,786.2373826986598,12,51.68073873744934,1
63.35207579026865,83.73451177530978,57.874852750001715,1496.5081355094208,15,62.303602288787594,1
89.83566687011266,40.03743190339992,88.36379145617443,4589.979864431723,18,81.6326144486048,1
78.5779909127649,69.98992796855991,47.20035088479137,4280.488110424012,5,56.26718596502954,1
84.52489182891598,65.7396786514999,89.5719747849737,2283.084918994305,7,85.96600650633731,1
72.70266933685738,86.62643014306168,27.050754478135318,2408.69101331622,11,44.389057573613094,1
75.3821251614282,92.48696483850084,82.14387497669046,3161.0612810571815,11,83.07592207905783,1
87.93565212522554,20.972541718190946,87.80381064437891,601.1568224886458,15,73.34830472202415,1
39.97344070873488,73.92159352470341,34.5454122269871,1757.9728129825337,10,41.72031135129361,1
59.15399709145124,24.146863929578323,54.42772258977604,1599.5126813194292,15,50.767996488612035,1
37.69675534556818,63.908693206188474,33.23998197309245,1802.3181443988647,13,39.60933839157008,0
99.01344063973175,43.010618323494256,76.52833031953742,4468.348044160519,14,74.15047565700505,1
95.52474717492906,44.5421279617713,62.82782144493254,1942.4345114229272,17,65.43655773091061,1
23.154144909480472,48.23668027618852,70.82586773666569,1519.302345840711,13,61.39921556857409,1
76.44601380125508,69.70339592396881,35.718957356496894,3020.464611806551,10,46.60559720487004,1
94.01986539325327,46.72399725350154,36.93966896419356,4755.096174589114,1,48.32108887640927,1
34.44602761018668,78.61592404722244,23.319786040792508,1758.4785784199994,1,33.42339284209581,0
65.43561844421035,52.36219084590957,45.765402815658376,976.9739654054338,15,50.01877102910905,1
93.23906380704335,25.468256024796688,64.779572906694,2310.742732078391,16,57.30638141134779,1
22.715678286863906,82.70078739872858,88.63479311978631,4188.728757911893,12,75.56905046703824,1
75.7936213797472,42.86066596741648,73.35419579669446,3243.3146145350142,6,66.86374852844138,1
43.78792058980406,54.62135036794101,54.83170587198011,4520.608173956867,6,53.57624918984717,1
93.95169563012243,74.83551065775212,96.24960915153102,5206.042308524323,12,95.2361378158459,1
97.68465961322943,46.59649257189696,77.53961604606656,4404.779888407762,15,75.6830738505833,1
95.54131912907471,24.52685249173725,94.41321622900401,3498.254778450016,4,85.79607346203433,1
57.9371373325971,49.913683761025084,62.20703786177325,2968.0396226514263,4,61.01905497993634,1
88.96341207914507,95.55588661554427,40.71234198345117,792.33161447168,2,56.45632103955985,1
87.56395188280563,71.33875178388465,24.22613490917776,5324.7454983073985,12,41.94165338809133,1
45.528037859460454,73.71833189337656,78.08678811870804,2440.709388360204,7,73.03959458368486,1
86.3132379320542,70.58257229101119,29.70423984044273,1330.6954268009608,9,44.042778428184164,1
22.96061077723941,35.919371116754945,44.222010261757376,3800.2025059029925,9,40.569565166662386,1
67.70159027856424,53.46670912818241,62.59767263071179,1964.5837876582048,8,64.8868785721137,1
38.40070698301624,80.07518386906546,65.15332702237981,3411.7357004690284,14,64.32421049042952,1
29.645350862182305,28.10983180425273,68.04665575897089,3416.485957654038,1,56.731878671322185,1
26.156256130336732,42.22822208717698,33.30042642797605,2739.503140333772,12,31.813069069871332,0
75.70310207025118,42.10552867726829,50.3789923857319,4613.369354616205,2,55.768339580669455,1
47.18999710144529,54.56151420756048,69.37553816935733,1871.8418954661265,13,61.011506352903105,1
77.98134172230093,98.42949927537481,97.58550917070278,2753.436439765124,4,91.3593564079471,1
25.22850726391539,25.400203734705755,78.2104910159751,3180.922217236663,18,63.08457173761075,1
45.223227026448825,61.496079550447604,93.80830056751662,3785.398659683038,19,79.91218600156665,1
63.15930339002698,34.349174560976834,80.97696466513416,4363.06488242683,16,73.48834496393937,1
83.25785318711709,97.65412363277953,67.33735751139204,2495.074957815629,14,70.90553553022696,1
45.5002002345656,29.064280378197136,35.36186953090756,3701.025331663661,8,37.86159370857094,0
70.07131011496072,52.288080188927296,73.33485215140104,1322.9325747288917,12,71.33026892103972,1
90.87821985889497,79.03079878676849,69.87036527679257,5076.7108826038975,9,74.63164041882011,1
69.26905505458436,76.36435424219562,68.19753363658131,2438.682270820817,6,65.3841416549633,1
38.6367579802907,53.818290951514584,59.18286943905926,4101.702825486905,18,51.84965970647374,1
21.952062524523043,47.721933436217455,62.29252831914205,697.6371930344527,2,54.535739772960355,1
89.60790991207439,51.808990284229644,46.755402169448324,1584.8982859430735,8,53.47573254728853,1
21.701552868030973,41.142101052691146,61.545015411384256,2937.9962127531744,14,53.9627194458833,1
89.97613381473596,36.42663509654398,35.80447245427826,4815.611845115263,6,43.887113471224296,1
62.31497072217696,58.6431758047112,84.41395178883015,3130.8247197632504,10,76.92312696670966,1
95.1254158810317,41.482700485408586,34.862156375896625,5063.378315010619,8,40.04209177117622,1
83.90265886189323,42.99693319178001,26.79730319115731,2922.2251035974223,17,39.43791566540634,0
99.834728842667,72.54048507796456,54.89968210857259,2954.15566433256,12,62.98776719457772,1
48.05694523613681,97.48298653599137,72.66459516048495,1174.7845848025531,17,71.89979453072024,1
81.37506311449016,68.29097604475001,55.01734599468331,4452.749971930655,13,58.822489983946035,1
52.15447308873937,26.158357365197304,42.140330556104686,1785.4339798419,19,38.16433382946309,0
58.39004962431271,26.04668910832536,64.65369471123526,4918.139948987113,12,60.867372764090625,1
70.2004370574696,96.11385766764528,47.760186832976,4971.956257585902,16,59.9702503817602,1
89.8941691349071,43.78326322458669,94.62941521013065,5127.888536995919,5,87.9161966517238,1
98.72667753594361,27.365358886598035,93.81161116828576,3097.106347694832,16,84.14891204498252,1
81.46187310916146,67.92356697203053,60.18974559776764,3850.050166961493,6,61.064793038684556,1
53.4213425733867,69.89190226322128,46.230719521460685,4336.876224295985,11,55.062579902189285,1
53.70856018216561,71.88038560949505,78.97059311653112,1228.8701695222348,17,74.96234031284767,1
79.00658412711132,41.392162228603304,22.93703547864533,3484.5945359879865,14,34.38931518856292,0
39.10217166146418,21.208854737158003,57.9815204834921,764.6299262558961,6,48.91545225364364,1
28.837929050511573,97.20122955635775,46.90587154162668,2988.3172002658844,11,47.65087136429384,1
48.36977261126212,40.0714436552882,93.64287080820438,1343.2448717770917,12,81.09930947027905,1
42.97911933232654,74.08210304420379,20.960242181814603,1478.0300446180067,13,30.11594586994526,0
43.7046496364792,76.53038959029676,64.22519005746793,2352.2283201244873,4,64.08602724996845,1
38.688620083992795,68.80059336635885,79.25308648533007,2675.6984002392146,7,73.14221047953092,1
23.36745517090895,45.03259153709186,58.8014390019233,3591.2276377544986,2,52.089329551292735,1
21.429914778673105,41.68770030112526,26.83224241301773,957.2564085048753,6,29.190159031745935,0
99.01779117888252,67.81346261621624,97.79691120223218,3017.7204539397344,6,96.17476541462393,1
54.22185069886899,89.28765068893532,61.44083451008783,1476.6006252148854,18,62.95017854156618,1
50.74613177277453,95.73869831387165,69.13489954552091,3355.080840152361,8,70.69615937494856,1
74.3717826154456,28.472464352300612,38.928782616600586,3659.5421388536806,8,42.22657406742267,1
37.46031102920513,32.38628900781759,58.679846808544305,3272.2044314536984,8,47.87375267589021,1
95.99689471601803,95.57890070264637,54.33195935666575,4143.818450295877,8,67.34140752219969,1
82.90760115324417,78.92281826678341,25.9916673601587,2210.9243723563263,1,44.97123125816459,1
27.15288018498076,90.63950598638185,28.49282828379738,4272.511639839028,2,40.366506041716946,1
53.40646206279427,36.210610730827455,86.99780156950196,2677.2819921993296,12,78.05597643628609,1
90.32946460497317,67.00686968875215,39.18559617652722,2924.0855919484648,15,47.482929218449364,1
95.57856178331282,76.0911675533979,35.59666171989044,3710.890210853143,4,53.925378000192396,1
57.39212089998958,74.40895083575782,60.39291610001114,688.1202431962749,3,62.41488155909067,1
69.07291113685662,52.65213526933585,81.49977050900104,3739.172262817192,14,78.5097213319695,1
33.36271568736602,21.231591335304678,24.955721486319035,3569.2087155461536,8,24.86858627543307,0
99.29349009095813,66.63408454434105,66.14463357106047,2087.266160415744,13,70.12877873744742,1
38.53373611067547,40.2481231343687,29.53683542724587,1011.8125675175495,19,30.06251853337494,0
95.41854193081005,56.020339691431225,22.916884066049477,1036.4901595825975,5,40.309606222383145,1
71.97173191938947,96.60648120670538,24.219516172977393,5031.473985529097,13,43.2693454310619,1
68.61894359030873,51.922825411394776,86.7331286566753,3908.540741884018,1,76.5604362854676,1
61.015080881320685,87.18412853315414,29.437798690244925,1210.0925460995538,16,38.508066961316665,0
38.45358493742069,35.083248459940094,23.612109152983358,2312.2712126827505,2,28.38949188533925,0
34.12224256044066,73.7968398420023,55.03199097143298,3443.918370727663,7,55.768596774258995,1
37.63889672561403,98.16055635511547,87.51947775536198,4610.744184435114,6,79.65964936741128,1
34.91506097154036,28.15144806983494,40.99267011914415,809.5724578224409,5,35.77918861286527,0
82.36675788534026,20.66559537817536,53.73700940207331,1735.8390310560426,4,54.38249592927115,1
48.01002073333841,54.686623410609144,23.193802605100096,4870.795153417824,2,35.35294584181197,0
24.62741412507171,27.410038644109378,55.92628113079007,643.9946408823191,10,45.964034309114076,1
97.52821041126491,79.8707479740985,66.2090464509707,1566.7156934106595,5,71.19689840803814,1
90.70287079707406,93.16389310788472,65.67256430017159,5203.316044670237,18,74.14852652336508,1
94.22018265561704,54.721677816700705,46.594135373949214,3544.328863306421,10,56.22767996230826,1
99.59262581171483,40.69693137243527,45.24265445305084,1856.022559860031,15,51.984711502973276,1
33.91161993755898,54.75226552052878,28.52988951492783,921.5572531000685,9,37.32068764614655,0
51.699361512212704,77.87582542800008,49.34386565170147,735.3184341466664,11,55.7803542415063,1
80.6590780563273,20.72433292642968,27.95957350983717,1774.7763822572508,17,34.01667169223623,0
75.68164944430337,67.15631915877577,81.32767557696413,4831.13193402677,9,75.17010224978034,1
32.311672507188405,69.06333479099033,97.30194381985487,2596.3855406280454,16,85.95645534425496,1
85.26664999924942,71.01505975167484,97.60595653333655,4057.600171996766,6,94.15028850840439,1
37.95524574693285,39.36176639847018,89.2056879500315,5007.7681698237975,11,73.43602764690898,1
37.905409185809845,77.12421787025013,68.06337194716953,2558.59421569352,17,65.59995533665276,1
62.957953831473084,27.311318906542112,76.0692557795104,1518.131380979506,4,66.48793016139453,1
67.43519478733626,35.94162691734407,42.816464214433125,3082.1660681132134,15,46.519245968023164,1
66.40689662702489,90.19760373235856,70.46163361380965,4958.801697887301,1,70.76391952131091,1
27.31894699182039,79.09785205812531,56.451963955190195,4460.997187860963,1,53.1438563859713,1
90.19686901043043,21.099644320907622,58.561387182154604,915.9832481431381,9,59.30917549272998,1
41.24800340709648,39.87010082958402,80.62212483001264,3924.3494403723926,12,70.47843270353012,1
30.361193702624334,37.15251863945316,42.55346844778013,3345.108107802978,4,38.932900713514506,0
91.09984638951818,41.664506242957806,45.44316893556159,4955.823246462843,13,50.226628997842454,1
96.45211985838027,39.80478162239091,93.97134329029093,1187.9108008814267,7,88.51360842960872,1
88.97020938123605,25.00210365942766,24.49794358807778,3163.373343382352,8,32.813882429123645,0
84.76128597799024,56.71524132774563,58.85074387306723,4821.420928857083,13,62.52782231897898,1
72.41935845112174,78.61867798289322,93.02406403262894,2568.1141763603664,11,87.62972033119719,1
64.06858964873115,68.53853797739491,68.82904062545256,2913.575605117762,9,65.13758569103186,1
26.958940792912813,73.82973348784638,63.71256593697056,938.2112528013998,16,60.101325832150614,1
52.676257045655895,26.49193428289913,39.979534338348415,1935.089474154772,10,40.049716642935465,1
49.81508136098512,96.11925681414297,47.46203912515586,2157.631916010947,11,55.833960670081524,1
40.7803027008261,87.07934670744199,88.16387326437544,5136.587753975457,12,81.2101204356096,1
77.87360909508679,84.40722547965302,64.73745054147665,1956.8033305975634,14,73.92971538407136,1
59.67005880630167,85.8387044033414,61.17937550054239,2812.1699292943294,19,66.97523379447259,1
26.483697272611835,94.6168406506209,27.966377083202314,3822.261233108543,12,37.81916264763613,0
37.6146561559849,63.54031728909582,21.282252516409848,1378.4801875578114,18,30.331300945948072,0
74.66070109276768,36.022561429410075,97.09481509496393,2934.9234582809977,17,88.096098360303,1
26.090468759224017,69.34268862820329,50.15889338294733,4144.987389484357,3,51.15237454818772,1
88.0965531239015,79.43051949343513,68.25704496796035,4760.905022529917,1,70.45098664918385,1
59.611722161117946,79.03339146832204,26.377205854982797,3606.0445183796483,19,41.15870758851815,1
58.44692618613184,61.71592193335041,74.64914285784373,3811.4568735213497,4,72.76442938253282,1
67.3926227727614,25.476697546686246,94.60533669647687,1206.1606684059311,16,83.38956788700253,1
85.97447727401193,49.68903507441023,66.05322023979357,5139.727186782467,12,65.78379765690384,1
47.824736632175444,93.66132867706858,30.089225790032845,1236.3555719255153,13,41.33646685847166,1
74.24129220472508,66.75591278059409,66.53772219787814,4318.430098472632,17,65.8423562434179,1
65.2585571196633,63.066555460457074,81.30777704837219,1871.1183445359304,8,76.78046574955084,1
41.362261613553706,41.508281150575485,52.51332292592149,5081.247089766008,13,50.655642627675824,1
90.29039890841264,49.47591359332631,90.38701983531743,4055.805788973502,5,83.20920238662804,1
83.79408172855425,91.62768713225354,71.89463626858915,4218.305822296171,18,76.35588012179525,1
72.67614677267403,73.31704380214686,91.93991346313621,1651.4840306874398,15,82.14948241918034,1
88.04653832753935,82.99096214018662,69.88042489978697,2726.591887848772,12,77.59082060081508,1
89.3835360767842,56.34763384541241,30.503037760385936,3565.503334028575,17,40.081849177599445,1
76.66903813720279,70.41977755649263,44.775336888415126,4295.873367391685,15,54.1556176803305,1
86.96106626909376,39.8706886994566,36.143595860196555,1099.00500437947,2,44.80179001416484,1
75.79771693354269,76.4368664226789,92.70611981734899,5219.353518981737,6,87.82108731264071,1
74.41126174082403,54.20810669626698,80.83200538299862,4873.059218661869,17,76.01290279034205,1
69.48891025721474,55.403641185179644,74.11186951280048,1897.6732343788049,16,68.58862902387384,1
80.2173311646113,71.94578596615054,44.07730557052973,4549.249166555193,17,53.0224510605961,1
32.68840842344589,94.90244971751413,34.723581764017084,3087.9548305911526,9,45.383037260460306,1
90.46966073591427,25.120507728689674,80.51608703911295,2816.6711114976897,5,76.23009719794291,1
89.74748221961856,85.97945898776061,57.93263567032638,2109.283707894746,1,66.07008427318546,1
22.33978264276473,43.39064883297545,38.06316417205033,3388.6492158316437,6,33.38294058084243,0
86.06534004518102,55.51355636051022,69.32975825322201,4103.467764977269,14,68.210317535515,1
30.309589397875616,21.75306630200072,23.226708171076158,2572.47794382124,17,27.773488264440523,0
46.809508340731355,44.083686226745044,46.09362033026028,3620.252126439802,19,44.4612244363292,1
79.48066050332862,60.210499410410435,57.48455956729077,3956.702021545458,1,60.99845834364483,1
32.860791683864655,24.49408618779512,31.83666672875247,4013.384721673372,1,33.720723114915344,0
85.43736192952497,59.28765835065321,98.77235820726716,849.4372710296652,13,89.79561177643951,1
86.57073423661936,94.16885030867418,36.72778916716914,4726.789467288321,14,52.48931931951708,1
60.597418700866896,28.431457448624418,30.42825040346124,2799.61591087223,6,36.24310328635919,0
20.510869737346688,81.15525824604035,36.28278991095171,1859.5971921418293,6,44.07148587023326,1
42.96305065399302,52.773684270079414,81.52489065277794,1760.4696359024717,1,70.13682996616545,1
69.35415347005937,72.41389716194703,54.04045274174742,2918.467741650962,14,61.87771500226652,1
98.49489424219388,40.81892783881835,65.23327518020304,4856.791389451004,3,65.99730851856532,1
70.54508216133347,32.75938100330866,21.680732558908858,2416.068392076705,10,28.900324855002644,0
40.78428648513278,32.83700914169812,22.754504685865165,4198.683584561008,19,27.47046048474536,0
70.72045624796891,25.639355651451574,55.66604398616129,1064.7299087386493,19,51.10506645968878,1
63.198830377268436,34.85173639209944,85.33241945612988,2885.0721703250965,19,75.38430149762185,1
82.3876316120915,73.13755079911746,90.81911029660522,5360.093473885131,4,93.20145059157409,1
28.558451106156674,90.53524894748064,26.936525407651217,4298.101453403217,19,38.93082442390884,0
80.88223220016224,85.13005484729294,63.06904816808182,1610.5367445149423,10,68.84037749919531,1
63.301326294088824,74.81074478995873,93.05837490234164,3006.919073749971,2,87.96207690959514,1
97.03936030871957,28.834549072888215,51.03782035183091,1721.3988655131195,4,52.74451719628827,1
47.34977328309489,43.13499570367598,86.36526651426949,2565.8924508600444,6,72.50105263599994,1
70.60975145071585,44.784550025797515,30.695652351954898,4344.403313927831,7,38.6417723174229,0
94.5622484408014,39.9965557118097,94.8315591734239,4301.879113393938,16,86.74147444398805,1
28.20077823925434,61.20045277677785,80.11386540250422,1694.8818139314487,7,66.90328479573826,1
94.9782789789161,62.8443051903738,95.30675142295213,5026.6719271433285,18,89.7751586372391,1
75.03085778406506,48.550878013688816,74.12937868420052,3444.327277271169,19,70.13864801463133,1
25.42696472841375,48.30313269891488,49.07231455995416,2423.63659661767,9,48.494079501744466,1
44.0770853557453,86.2844478324865,95.0544938019778,3009.290787748131,10,83.50568460694957,1
76.65376709162253,83.14342786557485,42.045342104734274,3504.34201650117,13,50.629221635722445,1
25.388048117501736,44.62366653445965,46.5738017649386,3287.47455285977,18,43.45483631846035,1
66.57363681410186,93.10307550986074,76.06467344013922,2934.7441705736555,16,79.49853146214663,1
47.67064455623654,96.22520136020049,81.22530396203089,3023.6774596291207,17,79.54527568896819,1
69.67324142139816,46.139403362403264,94.3522787079323,1446.7771700538538,13,84.02384559996878,1
23.65936270500103,48.353995903444385,36.38419272449676,4501.1179406624615,12,35.69372263841148,0
89.7229444921901,60.45073227375671,83.83984281753791,3200.449535716874,10,82.56615134575821,1
97.87911753419175,95.28966500269388,79.08368427175708,1229.1833361825747,1,85.9876748103962,1
97.51022842285532,90.10555465138492,25.10356450028783,4277.554087597335,8,45.20024087896815,1
79.97214653943398,28.205437006687184,50.97785129681655,5075.731096211284,18,50.013884419316895,1
30.406899210450558,51.4184594617133,42.62123656480789,5147.0731163374185,2,40.22442520548448,1
80.6610556743218,64.26969517998174,44.359233948322434,2371.285115573629,16,54.548544948066564,1
21.96695331670412,60.2505978041232,98.63575036437607,1250.4809930916194,12,78.28911128099223,1
21.76988412231978,35.50904543495142,71.42219307839423,3088.3182078387126,9,61.941492939060865,1
45.8888175319633,88.70534169345237,77.41409262347997,1140.5243008762593,3,73.46673733325912,1
59.091455232373264,74.15526263974698,98.12941098520074,5083.1396088605625,4,89.29665923106703,1
81.63259342462345,87.03266998814429,50.17614259661109,1481.1822113047008,2,61.8265094454971,1
74.66363012852042,88.70114234795777,84.14721347622448,1813.2761277655875,8,82.0403938747707,1
55.67221651013987,79.86846829325918,54.76247706435963,2551.855329047858,10,57.745040980251105,1
41.89013330253327,55.136848099977385,89.56269374519837,2439.189449083804,16,77.5118728359066,1
99.76996001261689,68.84374040123396,34.45260330490426,4414.381883509867,11,47.70143573707939,1
54.094504178877834,32.829232489579454,95.81489416514236,2790.3207386446193,18,77.9737028892031,1
56.11096194637404,73.89163339799262,37.50173667287037,1419.6876480160172,14,43.79604048330477,1
33.089905695333535,34.340260459142456,46.097640558474524,1882.6074983331557,8,44.801165886284,1
83.58476389999436,75.51596724081254,80.49537872854245,3043.744248900106,15,81.00772447453141,1
75.49457806251908,38.36785286031749,51.500411325232534,1307.7788036454476,17,51.54331844833556,1
37.66156902310083,29.404104012017598,68.65691014131573,3535.9472431008676,18,59.86520696665696,1
26.590483649267416,33.222759211436596,55.565880085554284,3315.5870714455004,6,46.392591995327834,1
74.43994416597704,20.15937081752562,79.38959496718255,4030.5711186348367,14,65.86178932123838,1
72.36089714249081,77.49916942828241,38.266500189488866,5100.982153820964,3,50.65917810057889,1
41.86076215985675,78.59208392467033,24.67663897895016,4978.821893285547,7,38.63403610156398,0
96.06908498003283,61.194667993060754,43.9943517978453,5141.1629667303905,15,55.50168854749378,1
32.08463134247202,32.9090240844307,57.94469318947442,1774.6348657137646,16,46.53565964379733,1
54.586784083408155,26.68434700085518,33.441604175414284,1231.5134718689021,16,35.55268178498799,0
95.4892736134079,21.53031731498296,48.383783172511095,2050.928162382953,8,50.87243086051046,1
53.57818535408978,33.25985415721766,51.998641463485484,4896.40882927831,7,50.181179276423734,1
71.08207581312683,91.26844279865173,24.591347495061882,5265.856678192744,6,39.87198248457251,0
51.80755183702354,39.32294733613454,66.66457985473636,4724.759765138285,2,59.66782627410209,1
41.937216187893604,48.341706177377255,90.747474237703,1128.0850614122091,13,74.22490435513731,1
98.71821183678625,28.427638758506653,32.13943303624419,5147.654390687007,12,42.013022279547634,1
52.74672050520344,37.78890437985362,67.82464107212112,2632.1185312837724,15,58.29180064469826,1
91.52793629433076,61.53796566241641,73.1791363928677,644.6893956592977,9,75.06012973996533,1
38.39636847128689,68.6202146476522,53.546774433543064,2723.4899555913294,2,52.03413519331491,1
37.04837632200666,39.62818513329688,76.0878069891416,821.1320144422444,17,58.48012002810156,1
22.49072663076091,24.618572738009377,52.85852347928096,3210.6140215733644,5,45.65487762701048,1
72.13334603007081,51.28262953019189,60.370983038194794,2225.0593316978466,11,61.76016449920055,1
49.48210749790089,38.73626967410673,20.58824356435416,2872.487681251434,19,30.350411166390447,0
89.14865998717096,37.56431385838415,75.3376091307751,3543.217731566962,7,67.56303545403603,1
57.85679253532457,96.78902421707642,72.90741431557795,4770.2452599255375,2,72.92296345409194,1
97.45547423317774,69.30403887405792,23.072070186107567,3777.127567065257,16,41.42756201748438,1
34.84204125624969,64.55027545376767,49.460008591610645,2683.4345686952674,12,50.67426530670269,1
89.48985343644887,53.262008281865754,98.32254726333339,4533.253697617753,15,87.31279446660169,1
82.12774822333934,54.31554667441154,53.658925005489344,4946.794260351035,1,58.890661653959604,1
81.67374757152416,63.27240030704647,60.15563241054734,1174.8478388745466,13,62.70731105194996,1
87.58265824935101,75.71438456288858,92.79441265277748,3153.278292253399,6,85.7404879518067,1
80.88191927543991,76.17168769454636,77.3809500692605,1965.6574067637318,13,76.223344119877,1
70.09762573051323,33.73551261643597,66.56561048993788,825.8937498093476,18,63.19965236822661,1
30.499590214591006,60.009020166130156,83.8243745072858,3809.0241365471297,3,68.62675756747562,1
22.602094359300153,52.956647602728154,89.14930131647786,4741.299731804283,1,75.01242589505625,1
93.66782782525495,89.64215730155074,56.55104573898135,1381.9327414914915,15,67.64898579111131,1
69.33202516165905,70.5135136974701,58.00866919454683,4499.585556594722,13,61.07518111076201,1
83.7229832780941,62.600325313278546,50.88407485214687,4696.29952097732,5,54.2969536652402,1
58.52178812100401,29.23157137431339,97.33649120147685,4988.834124799121,13,78.1886501184631,1
29.38465511699156,68.45103114587292,75.77330034322803,1873.3684276130516,5,66.91969988942458,1
30.014863376204033,29.376312454418674,26.65784529664578,4938.9747129114685,19,25.319288038475484,0
74.84522297831771,46.976526045260165,89.03676986504148,2139.1812227348746,18,79.93148404808443,1
54.424471591957015,31.427357185146548,58.444795266901444,3251.2224645864135,10,55.601495318093136,1
36.04197813602694,75.36589176194951,25.500312513798995,842.4358599949542,8,34.01535680952391,0
59.327563739314954,36.50016910689221,63.977380413064886,810.6292241699693,15,58.55743634061417,1
25.13671496601073,51.34874985504208,53.37314231805617,4057.791421114574,4,48.2347137944676,1
66.5577121531519,91.65398220950229,90.21995238900999,2733.503894293397,2,88.91252468863519,1
41.51947235480782,36.34531067191762,36.319568288750986,1830.2034017722442,6,39.690155031105846,0
83.80472805097506,60.62440511670233,86.11716875937464,1513.984780919569,3,82.79025553106086,1
44.8289567138859,53.54173289328176,64.61509529483621,3815.7767561242467,7,60.259353182257286,1
56.4176119265441,21.44992328365838,24.368824257077524,601.9274113216314,10,29.197432491196558,0
20.92964319264805,83.42064908582502,97.74762410603877,4468.277612144901,6,86.93178452050427,1
25.795751023564712,25.52367250516798,61.009219528256,980.3981094236583,16,51.35687271926354,1
51.399484512534784,57.94040167815629,43.270148338526596,1519.1501515589734,2,49.734964585085365,1
58.39510677736988,64.854263595116,57.55254735914065,2453.9346974356304,17,57.93601900329718,1
68.0016438495443,70.27411652916697,88.62862268139912,2927.3219506372975,13,80.11026189438319,1
43.33300629674426,75.09053034463005,44.39224995080508,2303.976555906921,1,47.499986493838264,1
75.5985508901234,40.2617906818172,35.41411171893603,2139.4183919246107,6,41.04333557754224,1
88.80979177513636,20.79830213267595,30.325699754470516,5226.796857951304,5,40.87825976977379,1
82.38807911146799,77.87549298839295,43.8287518712169,3679.5824699682926,13,56.19248961390299,1
23.16950602786857,62.85252794780629,82.40384696320348,712.4781857634634,18,69.31108492195843,1
58.44055578062631,86.8894162565799,57.730109215620935,2664.8443605327034,12,63.82739461038098,1
28.39441427345399,85.71106903205555,38.1985282954832,4800.041758771057,7,43.5956300804807,1
39.363601269002196,87.46609342303066,33.294799968779934,2046.9896947712061,15,45.59991756610481,1
98.93300746137172,58.80757279836321,46.61835812083033,1053.8704549170634,3,55.62653523416338,1
31.39964343212106,46.69027166694925,95.19394983085671,4240.246903631605,16,75.27147363230307,1
59.911052276108485,83.3246562073096,47.44213700720195,3508.86639329319,1,54.321350044552716,1
69.45245874544952,56.1035290423404,99.04992607637082,3337.500037567219,16,87.50203775747346,1
76.19719764352831,34.67537571227476,58.818436461228494,857.1674861155581,12,55.11733823033377,1
64.77189467895313,88.39792156491795,34.33311346321207,1274.3952470184831,19,48.180475375385726,1
20.781667793534695,90.60479014178779,91.29120734348075,3588.237101822946,8,83.461251491369,1
46.11690465951935,57.304780491213606,56.82842985078615,1597.554439002412,12,53.04818502071451,1
61.416931470776916,26.055978184782997,76.77370748036196,3019.5363827924366,15,68.8079524704317,1
27.02931993158667,51.0260871933545,98.69692665673215,3215.4320929410887,2,79.5828980738094,1
48.050154496734464,84.28301275700827,24.01402802559792,1960.8345133005091,17,36.6103575927334,0
22.656248703309323,92.14192228369829,27.735564783005373,5152.440746599166,7,36.375076547357985,0
26.28627977240166,36.27781939980767,77.63653931702049,4643.82771281076,13,63.680770667607895,1
51.75386209612768,25.357888962021722,42.54600026363776,4067.392836637433,1,42.29512818725896,1
30.617260323444828,90.18803625062709,34.744111756007925,974.3705587651637,6,40.39330743442087,1
65.40326786092464,51.152395118310025,23.14895038557836,1109.4240926832933,13,36.274214935002504,0
75.15719753098125,63.34087714140506,21.747736958896144,2965.3504601517875,11,37.00521258551877,0
84.04693592872663,97.44526496406071,81.95884824958327,1371.4240761167312,10,86.26618946130584,1
36.012019539584806,25.325178233137827,30.754674189564,5295.674224941476,16,29.168719692752962,0
33.398606580725584,71.86544059616764,57.41764927769207,1360.8971233315654,17,53.752413848843936,1
28.36542722675202,25.928433805989364,68.47174521435863,2939.845610227075,17,58.43972766871105,1
70.91441996349093,50.03751427732003,54.2681440455077,2347.781072839226,4,53.81499247624944,1
76.5180581189521,84.30516361547573,22.16853218689865,3669.05482297967,5,39.94006627344411,0
22.526891586051363,54.67777862045075,82.6801202070327,1219.3747626692395,14,71.49477633927408,1
94.89697969949519,99.77458831223603,20.84105796333228,2665.5188546034765,10,43.53587183788255,1
24.157702692117795,64.72474279572818,80.95119155019873,1918.5841574742894,14,72.33835503437525,1
63.30370682408564,45.69297221087628,91.46435950304982,4861.207318424103,1,79.8314368997915,1
76.72484155607332,37.60890607238025,54.62719368457378,794.8114182465364,11,52.834261725907616,1
89.67752989968685,48.04164274289295,62.84339784782386,4985.891971231004,18,65.3965994720813,1
77.12695457059422,49.802661900764065,58.1586714094123,4598.3718650544015,16,60.14710452472125,1
84.13824664558335,25.497094217916878,51.1366894898751,2028.3394389159141,18,57.61693626005242,1
47.15601540342448,49.56593595414185,90.99396282962883,4388.595142450103,8,76.3138489521491,1
85.18600909972098,57.139081579137994,91.51468085359924,749.8250896259883,10,84.90534598868959,1
26.409187710774013,77.81902017910437,46.865309171322764,5240.95464140829,10,46.97821636304025,1
91.58533248484221,72.53835877772863,69.20558032117583,3127.655724430989,5,72.77749075106512,1
63.8073900922989,76.70125241833233,94.15260497166913,2055.7489251141374,10,86.61751499195033,1
85.3838215969995,20.669094550148568,96.96467991530812,2340.3994204544497,18,82.03861371866687,1
56.18546276146401,37.41339196644289,60.7167232337638,918.7456966103873,6,57.47800969221447,1
71.48621561572199,72.93474307198852,56.225984422746144,5348.877667401788,3,60.59304515489994,1
62.11221287488905,58.719149454379775,42.29554527428206,788.6013367233238,8,50.42255197715561,1
78.52716174042655,20.425078053467676,96.7097498552328,3743.5541911097234,9,81.24254662116978,1
26.530398562447168,84.35957139454578,31.42514435782939,2725.132452991,5,42.35384268666596,1
24.828166719245104,81.82476586322699,66.386366083818,5154.797847305832,2,63.020144158793705,1
39.768258720811716,63.87353303948501,42.60402140149111,1780.798753472617,2,47.91175062425848,1
32.76357440905507,25.31706606210177,42.32066322782373,3154.0167549024545,7,38.56746726139587,0
89.74268532737614,81.32120396260677,52.397486990095075,2915.3098011972143,17,60.77651548685204,1
37.53711898864354,66.69708701850911,99.90343486525236,3973.7589314404863,10,85.04049346643129,1
98.0692204655305,82.55679817263673,24.397304547185765,926.4491133716184,12,41.398479557079746,1
46.951663341688544,80.13975939166724,66.28334545628252,1530.1878241121033,2,65.23898799701412,1
34.569433255095944,84.24016575662696,26.605772642822174,1629.9111364456792,10,36.78966645399762,0
83.17588057139832,61.44064531236999,32.361666399241514,4143.123623240111,1,44.437090953405196,1
72.69662204007008,31.225961455481198,55.165035341831896,1507.8657423683524,4,56.86422671388874,1
59.85565731625112,73.6925978703751,60.836810507715306,3352.760466676688,13,62.31973797126883,1
64.42908407501051,69.63790280415765,40.70339266916192,1633.1703384045777,12,44.81443571460413,1
77.53614226178111,79.38025497592697,45.31657046995329,4735.799760403096,11,62.34718893654307,1
38.2763793065039,33.59048048405882,26.957361620474643,5122.490181550265,10,28.26896501995001,0
99.70671328453935,35.598015992023136,44.25758270754004,3088.766279722754,15,53.21350750434489,1
97.98345297174265,91.23276137754628,97.32467515044353,2291.0826442040557,5,93.50121141561416,1
72.02605490775495,79.99822387616567,95.57659053379854,1723.477320083996,17,90.19767953818376,1
35.96339607433161,92.65827909602584,46.7902632109588,838.94880731061,5,50.45734390708204,1
74.41825939450331,80.69722569311367,65.66831490230092,1888.8003657479778,2,63.589873278264136,1
25.775872718334067,67.77242447922416,92.76763128887555,3740.331743737526,9,78.40396649176152,1
22.452200176464487,72.33061896222989,20.494705811271736,3161.361270284212,6,28.463586222233374,0
40.6146310808971,91.13023391520079,84.85468562700734,5131.398135748452,18,78.72223784100748,1
57.009836539145304,66.30454036095524,95.86956422311351,2502.1308599601625,14,86.09207818776198,1
89.46180043267044,70.59130594627099,27.306058746684563,3930.5440431762936,19,42.58319090606871,1
78.17352558130465,32.518137280288045,32.91581488263368,2948.7491878805827,14,39.78311947935558,0
79.41652169599848,57.91369760928822,96.85970422170843,3060.365836436216,8,88.74154985429749,1
54.03946675584603,77.31176895664791,63.0032114912277,1885.316710099764,17,63.73457722319261,1
47.674799403757035,41.67541586530923,21.135730757737896,2783.7637288415985,3,27.85599215637231,0
49.683101038768214,36.18033444196279,40.61055990108233,2859.767985660995,10,39.51960023227607,0
99.01196509888463,45.106144657953244,55.99549394150877,3991.884104394883,17,62.00345343059005,1
23.2087353129986,39.32005023942668,75.43271288198142,5115.071996093347,11,61.61622215565106,1
89.36251968979589,37.19301096291167,78.65283025094396,2180.7421319160203,8,73.31265932247112,1
66.29403268579148,53.98806742944696,99.63372103403648,802.5622491902325,1,88.8105083621198,1
55.08923353516724,92.62708111068272,43.00089595070072,2982.2166024030707,13,52.68199041637113,1
78.02061283321092,60.564771739097466,63.05760814947802,3213.4143943160093,4,63.531692748037706,1
58.93351531397623,35.03363046522584,62.6658838287684,1408.5146454331932,7,60.46250783289473,1
89.87385904653284,26.157733550469928,52.451620755779004,4250.23011012512,14,51.74242544877095,1
92.05614912090068,75.69249161103401,33.53295150739362,5327.65972051916,5,46.57241307714425,1
53.73767414987643,50.623901154911024,98.19652505470741,5139.718641640612,11,85.7285117697002,1
42.14622377880413,85.74647572682875,88.26537493332688,1546.1089863535303,17,84.47193857400264,1
67.38802628746897,72.76086149126161,59.86664226353898,4801.743551523651,5,61.77417836682799,1
92.98906764933528,83.69931604330948,68.25963381472238,3981.569454776087,3,75.11064396966867,1
36.85297512045332,41.7556831534759,38.180884284772986,2778.4635062731754,5,36.13319062389376,0
69.83732668507862,75.38871379688464,63.50296563133975,3194.9327727586992,15,64.37801138205371,1
70.52481760740164,41.124958775497504,75.59761064971806,4678.0808399157995,19,71.93019029567888,1
78.64904179322248,95.12547835602332,61.21336227092711,2904.647710264191,16,69.64705767355011,1
30.525414810180784,70.90994252266995,99.2228136467953,2391.395371704609,8,86.99773266296587,1
77.26599717456708,45.96094401402737,68.9073324998181,2967.5879665247317,13,68.89179143703453,1
92.72260165325127,41.56094898338181,49.677897007373524,3379.8230593682356,16,50.73796111442168,1
34.37464870961936,35.274126805731484,81.77216220926705,1507.5727381360743,3,65.29592119367838,1
39.00346599391021,75.57127671149823,33.637000926531364,4924.357105281555,1,41.28106365753884,1
97.71160752333117,37.49724903983419,50.76126509650132,3836.0973543821465,9,52.420034090144604,1
34.47815621675918,67.62426127419913,47.75671603020687,3639.6908032199467,9,46.6364537595804,1
88.35080746956633,41.170802154028586,54.54456760862218,1077.581885667063,17,60.46337357839558,1
59.38222851584278,72.95751558350949,82.54238607429811,3500.0349032284407,2,76.54750011368975,1
39.778485952254165,85.19517828324314,58.73384257307259,1180.611178744763,9,61.28033659371748,1
89.65999210180091,82.24201945157225,83.52115602127702,977.7488409379155,19,84.19377440759521,1
55.62442040021324,80.86810647446254,66.11911225118928,3131.092299083488,13,65.39738509844463,1
61.18538831437522,35.01779245538017,47.365554772604426,2533.3705634231756,5,44.25794691088534,1
48.73866955198125,27.0707957587615,84.79829949467779,3426.2892967498715,9,71.19683365601463,1
67.4360681147942,75.91590627899085,39.06317364424733,1028.2664066747452,13,51.7562287881786,1
33.08190980680182,49.4677771035481,37.95063838398364,2668.7187016668404,1,37.644844945809524,0
51.286522932140855,54.58769811226779,60.36023392438686,1438.9762322167583,15,58.27049361218982,1
97.552985786823,22.491927423471285,40.86793967696711,5338.080412435759,4,43.574717148717134,1
40.6506746160902,40.766115942003935,20.726962796097304,3293.521019688837,4,25.37704215848214,0
72.53893316330337,22.69411230995712,71.86380218390411,3899.696932516163,10,65.27138166864506,1
46.01520513797559,90.33486180809982,60.88750571779184,2162.0077472765174,6,64.56119568516522,1
81.87785005492805,39.471734657482436,55.64142515945289,1054.746790940852,12,58.26333281839497,1
30.469892857467986,64.58697356584065,97.35748116946523,5284.1801413609755,16,78.34566416062746,1
97.58568360628358,23.118345652890433,65.6959347170331,1974.0433698392794,3,63.17888901252979,1
56.30316331069114,73.34779130445264,89.07452622315076,2634.279288833156,14,79.86524932788784,1
38.88403706771712,45.84218766032751,31.156018896412814,3719.34682417236,1,33.900090385061574,0
25.87973978640101,91.83353495661326,65.5365170503542,718.5470288933342,10,63.3101702757254,1
33.58063240700326,91.04945511472286,89.43837013847224,4489.243826482977,15,83.43407600757996,1
61.58191588448141,46.023249468939824,66.64846058239183,3175.5753121373773,7,63.38517128407452,1
46.9602541145029,92.07687165523743,77.44113425016012,1935.4424979303462,4,77.9000267863473,1
86.31066927060876,99.69261387990231,49.763485424976594,895.7183294038524,14,61.33591164120591,1
54.47100189294447,86.03325312991585,27.39596136296533,1379.992394277319,16,37.41865809166113,0
39.89714180701039,87.58970782041831,56.63202361016572,4896.162522496497,14,61.67592925287123,1
69.37159892832241,39.920698888727195,51.558351267108605,3892.9162748922768,3,53.351601035334724,1
76.54217735083566,66.1361919086205,89.36481459031579,1799.5282638570711,17,82.47058206742167,1
33.36335263207599,25.38047311738943,39.51962418819778,914.8836717361418,14,37.35095655117883,0
33.40953730306541,27.593434945733577,97.33873820280864,3914.9534994558544,18,78.95808171368475,1
22.933714154683436,99.91140896266324,96.6510495843597,3347.5570846452724,3,86.32088480266897,1
78.91216120525124,46.13113995407288,39.8105314457151,2541.6937173995284,19,45.16579432984611,1
73.10436220974441,79.8547129639077,47.844156438185635,2345.3349561123064,3,55.5522451730664,1
57.97047005998511,84.53320424214532,91.6444592699108,1640.7085244597197,12,86.10791562995671,1
87.53363591753578,88.64186168057833,97.3297776716886,3814.1340313800847,5,94.9549449206105,1
84.45361223600426,99.81026379217252,55.47512822688353,5259.206533410578,10,68.8966912786158,1
66.82834915174017,39.319718820549426,45.67976365127183,1443.433180016764,9,47.34622432692965,1
89.4617024410607,23.228066148775977,62.087521060123365,3466.159776074416,1,58.437208833810814,1
36.46729680294146,52.89532143956688,75.02153650925878,2636.088267580686,13,71.07357695199747,1
28.95356955181823,30.406453586315756,41.877961229998384,2744.1058643743913,3,38.56755273069444,0
41.57996892135917,21.79407113296441,78.91785396952582,1819.906944613509,19,66.4171293025957,1
24.56694848714519,48.83414617131889,24.132588569171283,4560.647403174811,11,28.94667294124127,0
62.49356224008256,82.69906008601892,23.943559421153317,2929.2268999067574,16,38.912533820844324,0
94.92845538359691,65.29445529800567,50.90301641164362,3208.3480905516676,6,59.21006062890458,1
23.14748325348077,45.022239136828325,48.27785536485764,2062.852381427164,3,38.41232570723087,0
29.768793120802144,72.34736043941757,45.25065722937218,1472.6806352013587,19,44.86644061299784,1
56.175922262674824,38.561454424704856,59.2815810135128,1012.3698633735384,6,56.36595163940049,1
94.7100014022324,21.150515685766802,45.6586865849257,4027.7718764395963,8,43.90221169663407,1
45.29248839814004,81.14827091491419,35.380633477447354,1541.924552101707,13,43.87579411659185,1
60.57878469507139,69.89944678912073,44.75756392708807,3912.361700106229,12,52.22449049331912,1
23.325828724031368,80.9842099600768,97.9923418248188,2473.8069410253784,10,85.90770231419624,1
31.86745607696711,23.11504133501325,52.88907335958789,2595.719044750327,3,46.46603645843799,1
98.93040983670775,86.96957022645218,55.57702214866686,2852.051981245304,4,68.70569641677503,1
97.20949571488364,69.56209600290427,66.12359919609119,2365.0008390122075,1,74.51348096141578,1
20.395198474752767,65.07162805701121,98.66726147313813,1082.9758906684324,13,84.07934288177965,1
96.14494283385912,69.96912384916253,39.32810211486104,2086.2326880136598,4,52.84044428065983,1
71.12959502524004,89.15465974946913,74.50256884259471,3785.9249313309047,11,75.92519669647717,1
89.43346356160177,66.95492052471256,77.27877548333794,3795.7651270505808,19,77.78267620038908,1
56.379188450708725,66.47603039105434,68.58595334344528,1973.876674751973,11,65.88745386332671,1
61.24768228634002,99.25433256526127,27.086267170931528,2808.4926074769023,12,45.270850711883504,1
59.10772642055362,80.53841336548544,74.14978206620611,1528.5466944573,11,73.9959688308521,1
73.34914060368834,55.383504436090824,25.12757688289404,1609.7859913432117,6,36.137047665099246,0
31.172100380505032,76.59176000263422,67.69141196399175,710.6260243517156,12,66.1967429994893,1
22.397887189814234,51.138437735343075,79.16649417773941,4904.383439557174,9,65.86323695512195,1
44.63439532729527,38.31003699867992,36.87759124959604,1611.39199235955,10,36.364435431466944,0
76.37446101893174,67.74815015102075,87.32976060342193,1692.162609295024,3,82.72773900458662,1
36.14827616983587,94.25456784911611,22.42830444264034,1942.0868766966328,3,33.611972745347586,0
73.87459466599338,94.33116160123701,87.50502909266449,1211.5587441380592,16,88.35679528002422,1
97.59296368858163,47.352422248439225,56.82632405142121,3668.4618392705415,3,59.82937035893802,1
27.512057263153473,62.214197297735595,37.40703519453156,960.6861752524155,10,39.413123563883794,0
73.8081694580101,36.9308718855889,30.70225159951744,1244.1716463664811,11,39.98184730509324,0
55.50001754436569,99.65048875991067,96.2645734065898,3694.832287632446,8,89.23337341308361,1
89.45138035020042,98.48943262943486,25.81324700649254,2230.3709783109252,6,47.082681918129346,1
34.17198315579087,71.96071437659579,35.92747359487405,3998.1495681657075,11,39.122305429260926,0
75.41007617809316,84.35312477419787,47.825787794643674,3275.638774416682,12,57.93129785348859,1
87.04922317184882,77.208012902696,69.61878791688963,1828.9016306952626,16,74.5062306507195,1
95.56913755792186,67.45265752315746,63.58408682208787,3723.974162348775,18,68.87782897426048,1
74.65984226317167,24.267839759111816,30.05147939298512,1158.1136654058273,13,35.94224045338875,0
59.773981120674186,56.38114740421288,43.17823869905717,3174.769838784146,3,48.536008011194134,1
69.42777921609711,73.98290417339284,39.100141686881926,2698.3109042161664,15,48.32068451999189,1
89.51239875829745,74.20252911069477,37.08342835922731,1885.7931975237157,14,52.29474629396721,1
65.64877973110637,49.849809473790685,52.891546918398966,3499.2239891496006,18,57.091153318298005,1
22.43096477574695,95.33535893264245,76.32251620733255,4782.401243233356,14,69.23914058286395,1
94.47589564055822,33.388562578942484,37.39623457737888,5394.742558862768,5,48.89115208600572,1
75.1621400825249,60.02875569724485,49.33431037623851,3517.2612899684377,14,54.20567611133555,1
74.12107086217972,75.27071812406582,51.27339414729298,2542.588196780017,8,62.28883415048161,1
37.254012191817374,75.77086447134474,98.11652235483281,1680.9940810377677,15,85.05546297612955,1
72.71083761861257,71.89111654150524,96.3733085503255,1834.0612290965364,15,90.56636625952946,1
51.50915245233268,42.02305707614882,84.01100662016607,2901.3838951188754,19,74.24155728644729,1
72.09863816331936,32.496525494929756,39.33271366553481,2362.9329661474044,6,42.447551038165024,1
28.527442424639258,70.87522614613687,25.442985127333575,4986.309708599732,19,32.86574465110872,0
72.62762436824289,67.94416929115502,45.35233101764998,2367.8182447474055,8,55.71220187397829,1
99.95309806165332,34.348480823139276,41.34356395470647,2392.5340374980906,6,48.4413667014894,1
23.856963108844482,76.41113164564507,60.47406401171151,2440.965659683089,15,56.53696688886232,1
98.17393473770538,56.413759338692515,82.21823280542344,4615.777009764759,3,78.43398267288384,1
52.55263685782965,73.42084732825224,88.66583511030865,3723.7839400651287,10,84.09721164533819,1
89.66027602698074,86.98936638161206,87.58912683284068,3548.010481530685,15,86.84828202126819,1
82.59083872466188,33.57827428615386,48.77404489784542,2203.8865074425385,16,53.96715881601004,1
65.36130087893342,21.531589439746934,74.97874747685464,4525.940048795709,17,64.31634714745834,1
79.07593674010613,82.32820691166295,45.026735801937605,784.1465345073655,19,58.066505839512516,1
90.28124490410784,68.77579401220927,24.872443458814615,4779.8264272229435,11,42.8825524920633,1
52.331225732082636,75.97116556976974,76.12522124823539,3061.199519010862,16,72.0761497269099,1
46.16265292505909,87.0523979990914,20.786204205583026,2511.6011273443814,5,33.06404863995185,0
73.40747084508678,84.22487478596004,52.734606996679084,2986.402947444891,5,59.25301559141627,1
84.62767535530068,96.87361175430597,46.35034154416606,3803.594546562389,14,58.33883240715369,1
80.98281078212926,62.874806308169454,75.4702030815082,661.2740472859073,18,76.53815108084784,1
83.82509190869075,59.07965061279243,81.29963782083031,4783.448910999589,8,78.6659185820305,1
54.84666518503464,52.150975991258406,44.327570877702705,2744.3497214946856,5,44.84870092581844,1
85.42673729400173,32.29528342753636,84.93016115558828,2246.239294560375,7,76.60514909514035,1
29.616724429648677,65.8085786305618,43.513340840394704,1263.578715043474,16,44.5110938434273,1
63.559127836867965,42.1610019460783,55.7061087989249,2709.433796920522,14,50.574317839461884,1
20.460692839849727,93.70460097703804,78.16148216113072,2982.3493021650183,5,71.44480575647232,1
45.96686639202162,66.65526434216781,75.43361833798309,2537.5041335686933,9,71.14323839877405,1
49.31692278971183,67.42721444064881,98.989477784976,3857.568450369106,4,86.52899926952242,1
51.69381532874043,48.3939728701608,38.01288193727455,2620.303338044285,4,42.130999343420676,1
75.63737653518898,24.1591481582166,72.98543308316658,5214.804373663552,16,67.02830812377299,1
51.08464810162766,22.53950122983909,68.77455266206219,3476.532085553241,17,58.500604781621405,1
55.895489809802456,53.8668115322558,93.20787635920239,4475.894091129163,15,83.17136797507118,1
39.0035304699462,26.76523024777903,32.508971331590004,1124.9083349254984,4,35.53656263543519,0
49.860143330347206,68.54775644321113,80.14385308695464,2506.998206140347,6,70.81416485200718,1
38.181570181052116,90.4778404511726,65.46148930150147,2216.868966946333,16,64.43225460107166,1
25.85567390147549,90.63318532149778,41.97326958303243,3333.515463055641,4,51.51385255847612,1
68.27588747051024,72.7236328105786,57.954793131773926,4733.344896294843,6,62.05941400082107,1
73.45702388440131,36.89854651783448,46.702127765583825,976.023445257632,5,49.175121095262035,1
69.55922768076917,89.03974650870977,66.34507222307687,948.3590306146118,16,69.71531182413152,1
57.07952350404579,90.88747482505666,91.12004886517327,4681.524999156474,16,88.52795424353229,1
50.38286241433838,35.73228679623669,65.54439875297616,1621.6804129841157,10,56.92036511621124,1
89.06669196574602,78.99408686165418,70.53779346612671,3810.015621359106,9,76.437921303769,1
61.526542810897446,42.92156391416984,61.499827769176754,3205.8150353318647,4,58.16359338562731,1
58.33455021037848,84.21122498823438,24.093240515638072,4597.889255458702,14,36.74744879532221,0
22.051365264514857,99.77903199228821,38.62868455008754,1200.426767214737,4,44.852433472243426,1
47.299826210092505,22.402080426351425,59.36013835456662,1222.958235468534,12,51.914621871859076,1
50.41564950286856,91.78926926327455,44.81882269957638,3272.7281293358765,10,51.70842645377926,1
51.90582247175204,69.81044268789265,34.54108782089554,5142.61753612018,4,44.661746284203694,1
66.41378953818659,97.8706095331857,60.330627353475066,2591.9892401796205,18,65.38993081829284,1
62.68820373815028,57.20076140211421,45.82478347582803,2169.3220812225354,13,50.34084290003894,1
68.63240742347557,87.7910344457099,40.64861145387318,3512.108751349852,13,52.9924094808651,1
81.19066092337026,24.991525487862177,57.11883339523047,5066.153282616149,14,56.16995743571294,1
85.03885909728749,46.822324006263656,30.66274064657385,4617.253597654193,18,42.78755578510095,1
77.44984609811955,25.361323020096798,94.21965864603258,5378.321331519455,1,80.50830835442815,1
96.44189567639478,98.02745067832564,89.41616783353912,708.32919937141,16,93.0069735163101,1
21.45860661410893,85.35791258174694,76.60964685924283,1141.7190946212586,15,70.95368708108175,1
35.662238854683686,88.20379369967765,28.4971062070765,3525.4452641597854,5,40.46411938258898,1
20.605029998251368,95.03721851471154,82.07018035757544,4538.766908802479,6,71.02414763072525,1
71.79797713236823,26.80827888958283,84.63658624872151,1969.1728430724793,6,75.05464105474586,1
91.84244391599896,50.84780740106667,81.42116941714701,1748.21322256425,3,80.20089582868599,1
39.47858372610394,25.68279112352017,29.11727096953929,4377.483837029764,16,29.33337864454014,0
94.16276358370453,36.86344812400229,71.51263656542118,870.6328984955117,12,68.6171345034644,1
24.821391223164866,38.34926216301379,86.74598365995189,2373.0367083964084,4,68.7950313594482,1
94.75488214444114,57.528576883806295,66.18827209757342,3027.884268443183,1,67.11029800987376,1
48.12981497917075,41.48497339629141,71.71259001824711,3289.6736368815523,4,64.9725513771079,1
28.11366627593732,28.078248545420887,56.66907835410449,4097.352752605329,1,52.660947904105214,1
58.86974073490605,33.399287127528616,62.296585590724206,2303.2594724671594,8,56.33592404855587,1
40.542125417640634,31.782045084167272,22.750148668138017,3540.8848544381144,5,25.840632750557813,0
42.78983215695383,97.84614383298387,71.11704175786276,3409.8020293965906,2,70.90811870275037,1
44.58319719410292,80.7434005534779,26.515777031292735,3228.557283137986,12,34.15608355930268,0
84.24207182661307,97.42091722156496,54.80116754721787,3674.3198070826184,17,64.21916897129546,1
63.132902134020355,55.179238920632685,43.412407813392626,1845.3560211267663,7,48.02157526704626,1
44.90461593248029,42.26947853301253,63.634236016937045,1006.3140172062191,11,55.832222735678016,1
68.82670266487347,83.86345577673494,30.673306841856565,1172.5040257907685,4,46.76972130864019,1
77.29205393785548,46.10031344329174,75.33147215786545,1677.9954367387252,5,68.6532508875421,1
41.8099200586827,43.95066989642786,83.60092295427762,3000.950090509369,6,73.18674520966515,1
53.08392812202812,38.600479376626495,33.06835597945252,4634.125202620897,11,39.837514854185756,0
29.750887466955803,30.37431825793883,28.34504698815057,3966.2080420242437,1,29.623763240133247,0
34.491947962774425,40.51704488134128,31.64123862298873,4387.394900169826,10,33.125314848797515,0
74.48942831719862,48.42557987791102,90.17020495188014,2284.6829948452387,11,82.04895832152754,1
34.515067815650156,73.91953665165843,62.2551409405085,2542.337959913041,17,58.96266226057244,1
62.01307069336481,25.005187377556126,57.38087968060021,2489.6730527549416,8,49.1472180901067,1
76.72370093779462,36.840555173227436,28.53694552818834,1520.9912851416072,13,35.05199562037641,0
28.55015384757951,84.72189122333411,71.96448054055693,893.8399590891457,18,67.34358490807114,1
65.38497757031229,31.75375388670166,89.4399673516072,3436.3972455706885,16,75.29741309473609,1
40.525022696109104,47.41161172180172,86.25486954587623,5348.240080418814,2,72.74265807326135,1
97.03415001900639,89.1727137486512,70.0843767184641,1400.7825837612618,5,77.9484515868965,1
58.683651737593976,32.39402489147541,26.02229733213389,824.0871355165141,18,32.16730797179911,0
84.47940398201266,26.61894684945519,28.99176217408104,4341.752072754878,3,39.07593569081482,0
64.01812337250094,58.763039606400866,23.944718968785974,1812.4128320866762,17,35.76681280098865,0
23.473002628385533,44.19356090228291,40.598337319397544,4582.290265694056,16,39.274762152624284,0
70.65211004752179,65.07266915870832,30.85291737283022,3978.896001765674,6,40.53118047030311,1
96.11226737653256,84.30439123867801,40.80384322019471,5139.232977843862,19,52.96297684893508,1
68.1289456117065,30.971879052219453,50.804644457516936,2562.8507316320256,7,49.602530529829686,1
85.53510875414321,66.45592676434279,95.43862272569085,3777.455229363044,18,88.15132147045075,1
90.73651706787263,60.44070083118911,68.83008478253537,2831.3029479036995,14,70.52410677088503,1
38.2463817559146,31.526302881055965,86.79790285463699,3626.825747081009,6,69.09235796802069,1
36.96358719265813,69.9198788423186,76.82812005698658,2758.0747488371394,8,71.49718141960739,1
68.87847910807935,41.89123342886173,29.00025044213054,1505.4347828355592,15,35.45388233700552,0
52.882277584536375,59.026745483521,78.87363250991591,3037.9075968162283,15,71.27035817440344,1
87.18890422933762,26.58178594216495,42.00791052472995,3137.204166899723,15,46.43075668708882,1
92.00184987184089,56.766724577089846,71.12862775957652,4490.898471648773,16,74.35167949224653,1
48.27371034421745,44.51707744342563,47.27695789143908,4130.49938780919,1,50.529874366063545,1
38.94964471795856,85.79049689482835,99.81378106117273,3786.1997949189317,11,92.23555186696653,1
82.44204121950895,24.558298159789462,41.08411835974223,1144.2580586523482,5,42.2453425180115,1
41.984482843850884,53.4885819934664,42.33043766194157,4058.958195185832,5,43.205985136546694,1
85.80914548109428,56.67451393051504,94.45378044499186,3001.464750501671,6,86.36342232233108,1
53.89906029190102,78.00048610392949,21.971552370905812,4891.677773309564,2,35.90563687445986,0
73.40399194331764,65.94300600721688,75.73511902985575,5015.380483826605,6,74.53519821990639,1
27.642825106773454,73.37698697553449,78.02611125887026,864.7516348885702,14,68.60524599682338,1
69.90874597412585,82.1639428521405,86.91028619283195,4539.0794897014985,11,82.32423084139556,1
56.14141429897833,88.9762378926551,97.95514485107803,780.947474028819,4,88.34138174699613,1
66.92867705403793,45.11003973779764,98.0481535325322,2362.4142033361086,9,80.13119030012815,1
33.441136619589074,63.04181642911224,25.22214060531711,3203.0398829811797,3,29.5316123139617,0
78.94989959553456,87.20864627513599,85.7471458202322,1310.8838334102118,16,86.68033328513235,1
89.02376620345828,99.15609047720451,71.7047946925905,4182.306300331569,11,81.34974375439526,1
37.33918400726205,91.16154488350105,71.7873707498473,640.1025800262652,4,72.22198403303254,1
27.657164441612938,49.717381009950145,30.267994129175584,1409.2754324833768,1,34.61224559252331,0
21.89108688370691,35.613321377492035,72.01497331565227,3387.824783296683,16,57.01225866710658,1
71.35772003546128,59.151402992527096,98.59860644809983,4029.0602977790036,19,86.23294807265137,1
68.56752288710246,79.33131614688338,92.94548556315576,4999.886892930797,16,83.62461946354291,1
63.7357930171256,59.405525660263805,55.13045286438804,3986.3839292861944,11,55.896120490912594,1
38.555767689278035,58.65446906509348,23.195837862887547,3824.5404972233564,8,30.99283445578895,0
51.27247967244117,87.05843368654405,48.98347920001639,2492.8375024831885,1,53.02250390002388,1
67.55810681489385,48.91230232537491,86.11122492804442,606.1652425286468,9,78.6105949679456,1
59.741348708733554,88.78357398493165,76.11992811721328,1176.7644419309854,12,76.86640362513027,1
99.02284161719098,52.54438407613789,56.747492447516514,3165.861814828988,8,61.50934767776414,1
30.91518020453865,46.25864845426715,24.408122812706488,3840.6234520532144,17,25.981724811868304,0
75.6115643238075,56.31919289597592,54.15157822586421,2603.75176270302,10,60.457571468675056,1
52.34550144834337,80.99575669398948,57.52199517743068,4107.259255336273,7,60.33686979479314,1
54.25596919404918,30.080162229119544,94.28444263153088,3104.939017594458,19,82.53194157207878,1
77.4078212526541,35.71353726976139,71.28688828657275,956.0457388526986,6,67.05378387774738,1
75.39489210594957,96.11558605304735,44.93223333237191,1521.6780046461545,19,57.50356089100231,1
99.30047949617506,34.03933019050859,62.02546115605771,4631.991471570926,18,61.489800622263736,1
30.27154315633002,65.41818543448437,25.284424625772807,4079.5811837973097,15,31.205469859881564,0
28.328771950733305,66.34515733295503,97.80545885197894,4894.857537659976,2,79.54730505010266,1
77.94710537029928,59.16995696401958,48.804792154458084,1164.2747957804954,14,52.04366513169893,1
66.27095336051272,71.57961988614548,58.22938839305087,5353.068166152355,10,62.92048795678741,1
41.93285332478447,38.386138063809476,48.42271793895381,1605.1522269596812,16,45.37858449932279,1
26.35354951911893,64.21298142213985,74.60093840929602,656.5434061758816,7,64.9603204704618,1
26.852659967714445,49.77386041975177,72.97857266636744,5387.63010745706,8,61.09812696320288,1
91.53526997312946,72.93338077033512,77.22578484233085,1949.154650136543,10,77.95729959226405,1
35.34938597749943,31.297883469851957,41.451458368953666,3806.4933720602876,15,41.27923815858462,1
45.86972496924166,65.67019334715809,45.25347849312528,1448.075108046265,8,48.69686620639299,1
38.13251217815904,34.821628430665896,30.020098487696636,3385.09695455588,13,29.59716027252281,0
48.39970446655499,42.29144504920291,72.440797747689,4939.367934981885,12,66.37300023852397,1
25.55390741968747,37.496784025886654,23.183770186852204,2136.869603656505,8,29.136320027228695,0
61.52478327266163,34.62702238950537,67.81458684187672,3817.219085012924,15,62.88239097473919,1
25.409005087377192,86.05687612485336,89.57567078813071,1501.937226232399,12,81.20543215710373,1
84.02852062578893,42.856605412871225,91.26657186317068,3599.017913849881,11,85.36093504475636,1
38.69696655283464,94.16990254915595,55.923020829596936,2214.961688724049,19,55.762935109047646,1
63.20095316836085,97.59412202761527,56.7442950570459,1613.799641222168,14,67.56880855509989,1
90.40632700491666,65.7008375949678,26.157534640641387,2103.2738433774484,18,43.92397707978604,1
72.07018952377553,31.440089813258112,73.66120203544286,1458.4371288374368,13,68.06709272719091,1
62.636622924106824,49.9638594703665,85.70075362982764,4929.197317621837,4,76.629678821746,1
45.94670024923005,83.81858106785712,39.57240436837704,2506.4970543222184,17,44.49099042358932,1
46.64015304465583,49.39125829576564,53.70407053066917,1777.3406638769632,19,51.33475886513911,1
73.5589564158552,26.961377464223098,87.10714694122163,2752.357636876478,9,76.94984697392611,1
99.5311488976934,64.54279287425504,90.16963741298304,2138.5736006711786,7,85.52112069680115,1
72.9471351879503,87.60966811968278,39.45439842113807,4173.212418303965,1,51.56210485618014,1
64.622673389602,83.67411097148019,64.04565076330914,5261.855577050373,7,64.70939044685687,1
78.45204081913968,34.00985121042826,35.39945205086617,2702.561552148705,7,40.87965188791314,1
57.21644898269745,73.82116915299733,28.150301131164525,4732.960319866754,7,36.65559877965461,0
24.811387408062817,37.64034107485177,92.8896401113566,3316.142753086174,8,71.4749551747924,1
64.98374527023279,37.45660276417378,85.64060033856873,1354.7311924523206,16,75.99465126508692,1
96.61002276043041,89.92574186441482,80.80279214425391,3914.9891619904392,3,83.3828040779036,1
34.02423538861277,39.97351621921841,23.901305505051234,3064.4855862039367,13,26.858995401893583,0
75.20039126565325,41.0597877214409,87.49830341682059,3722.9113116100966,10,77.42095197029678,1
36.07469509272452,20.052271260903964,55.0435260724307,4870.4995803439915,18,52.39574917899863,1
62.8662147578465,89.65352273004142,47.39160986366877,2714.085939149021,7,57.26682169916289,1
27.73411597173757,83.40758505673078,63.718108882030116,4925.652591443307,5,62.703418450026746,1
56.02967490065481,70.18631480725423,27.308259417884464,4203.211268551943,7,36.49734897609236,0
80.49306631161969,80.02126111510738,80.53172394819191,2945.303644214327,17,81.45885725488604,1
47.80572193911857,32.16388539395935,66.59480615106366,3495.4662511582255,4,58.156363399550074,1
73.19293795897744,56.66588756700604,34.9272077498534,2162.789436091255,16,42.360969771994114,1
83.63599686317833,48.09755098790247,35.058575981523646,5321.267038746116,19,48.15921816716582,1
94.17422555835621,27.50212210056132,34.73989212581394,3803.285582641901,10,43.71495936132664,1
38.77136654843628,58.890438817193925,24.560191004154717,810.4648919838235,3,32.8860817686972,0
51.94527326474465,93.65917202741083,67.02387594973479,2167.7851475904417,3,66.81391271709423,1
32.19328106643339,23.20472952405556,87.22785420708065,3591.9092820434757,17,66.8287810467559,1
99.39868017267001,43.31687307950351,21.399857118991086,870.399733436351,10,36.27213003064347,0
94.16007743394363,36.60327489645628,23.920371597701884,714.6441183318852,17,35.211734926910445,0
63.196570422444765,39.051732293255704,65.82162213495566,2760.1163497334524,17,62.63766278699944,1
87.3626635501137,92.67476415035003,85.55965483088418,2196.912862524816,4,88.2558942984659,1
61.67663818176337,57.44552433874321,46.13911124549069,2703.8333185591964,6,50.29670878615815,1
69.88685504022078,57.3039530351855,47.969151904617775,1860.927887424025,12,54.31245389170889,1
27.12995456928133,80.84605139642258,67.70771979974208,1390.6451853263084,17,63.978413550887026,1
80.42163363974464,32.35937632039406,41.93703112993176,3907.888113505621,17,44.529694053835414,1
30.217078690818788,58.981228328004065,22.12866928621473,3069.9413580854425,10,28.473265119745093,0
86.08541042020227,54.39881712968478,78.81828144812769,1560.7402139969608,7,76.51689723134665,1
82.56224701363087,67.75285524373248,70.05199303531626,2134.029246047992,16,73.44151058460957,1
76.69957581943811,99.96461626003509,66.46047992445273,3440.6779567839644,13,73.4718664479162,1
22.89283044198097,81.55591152656376,79.33473031934585,946.7008717078936,3,70.05872130951529,1
44.250268475626285,51.82925624139418,74.018467004963,1307.7744444776617,2,68.15719822292247,1
41.04900559286743,86.20424418192376,36.47055905426569,951.5788997154725,16,45.378890495700524,1
48.810912597721526,33.65666906499841,48.19848375546809,4499.12319702777,6,49.20042332940897,1
27.011419741107083,22.43709490471681,30.08881133429,4211.564319417645,6,28.654000068781013,0
94.95662584248502,36.35586979714184,30.38856107343048,4215.902073020434,13,38.894209669805925,0
64.3041792569901,47.23292448914077,74.09565970852313,4038.3616486849346,7,70.9514860849828,1
44.44194485264188,60.84646059676479,88.68800855859986,3813.0500336153723,5,76.72128688150438,1
51.75852136594267,69.21033124329598,97.01860670889113,2889.5611938152397,7,86.6492008416111,1
55.77620324038685,92.84845737715374,70.26776940395555,3682.935184834152,2,71.85257105413791,1
68.04754666884938,60.78832076403661,34.728105868876554,784.1354629822783,17,43.72631288312221,1
61.25435421571982,60.10205157005835,28.452027635914455,3583.029228752566,13,37.78024026865244,0
93.55135785715339,24.01944078583857,85.02807772294062,4333.812986577011,16,73.85098593872958,1
59.75707863246642,22.792924212497905,66.30051810879993,3001.7201298450727,2,56.78865525364374,1
99.372641185865,64.09279695330977,69.46280168109759,2316.0639764507373,5,75.38804154210548,1
88.11399661960766,55.05428905986756,82.51696710037675,1931.6483270446997,18,80.09472125773353,1
36.680841148586865,87.13443159842389,76.26217821859612,3685.449840777996,7,75.77440976632182,1
94.4476171715133,32.854366776947614,86.75666022848773,3925.445753423562,11,77.74955010814158,1
29.309311830838087,21.997732969363966,24.497112436790278,4780.644479340204,11,24.782723215078626,0
85.39597667929533,55.92310143441007,79.80165093972039,2243.2035958127553,17,79.38540441278283,1
50.4498634781264,38.9982845401806,88.06822058576763,4294.90707545081,16,73.93332959207603,1
90.23794563560556,23.969149867106996,42.89080339666515,3294.5079561088223,13,46.18389261485064,1
89.44453520859602,77.96786294781032,71.23578191946024,4837.61515525478,5,74.39022733780564,1
84.4740320094097,28.9274399965798,45.13296510695777,3133.49811981898,16,47.71260078577576,1
83.20243490456491,68.66556000062174,96.63768531859633,3084.623176310243,16,91.49017375575664,1
44.37433112784326,42.48398001335113,22.673885794840302,3373.809990916364,16,25.340046387935516,0
26.473542644100174,33.87968402840176,66.3834275066364,4196.713704683685,14,58.8068350703167,1
52.23841430121291,50.380121833545395,33.32028376396121,5230.514298376613,6,36.7976524018757,0
33.88196119892069,84.11566209783629,76.9776164141727,953.1041002356751,2,67.3496316084442,1
75.59608711219694,51.367486152365814,34.07122267349297,856.4860914768824,14,42.87391306549504,1
47.687978123022845,80.06157193688446,38.83066095186861,5100.241619555225,16,45.58909324718716,1
98.04881606879319,30.038903743932053,59.54966488366065,3143.403002487389,13,60.54196389280601,1
71.27776618762655,81.82171357320632,93.18679599975025,3551.5344699212933,15,88.82083231462121,1
85.79844509074887,38.95466599253189,36.93714977183767,2915.6332876546985,12,45.85865408188693,1
30.601973819347876,74.19145039110983,31.539201689448284,1049.5557725158776,9,41.16975752151825,1
88.9611585818098,65.26252438727971,80.71814654832245,4286.8290164096,18,78.25597335409135,1
93.82057524107155,94.33157737693499,60.04956258671448,4186.678296425217,14,71.80609881972983,1
58.96495350551487,50.98580143802512,92.9428089905417,2096.1759431654973,4,82.97045243704761,1
68.5002350200782,25.293215106755234,31.729164572787383,2069.948377096322,8,30.997861448825375,0
81.18478407223964,21.532438844100234,71.67423144184315,4621.638628346489,8,63.91315664166943,1
33.98709018083301,86.14868487782024,38.630331692145205,947.3148371583677,16,42.48763731473811,1
60.205286117075396,61.978851012914575,32.540834292131144,4829.304712111516,10,42.00199029110615,1
51.89304222178505,82.01952414679594,74.67435321258165,1831.9761115003892,17,73.03458403595828,1
31.70991937297993,38.75404800092117,67.49476959269866,3446.3267892263707,1,58.531789220943985,1
49.40275378332252,47.6066996410587,80.3861966689865,5092.772059208533,18,70.2105711469189,1
25.453784750839485,22.408309776905515,44.75700611569459,3854.9880073759027,10,38.099705341987644,0
22.06495255595896,96.91938596592897,55.837732510575194,2589.2630998417753,4,56.876902032463676,1
30.81330313238582,73.42943253606506,52.43773410643348,3909.764202745993,1,51.540597682245206,1
97.0492089271339,94.6564070207445,98.72715711732114,2251.102254318577,4,99.4192169185162,1
63.96236287160136,41.23971259432579,43.37991653915103,1930.8403984760935,4,44.00692564526986,1
97.2657728922576,68.91708889805287,43.58537906774135,5384.079734086463,4,53.87356688924786,1
54.59983026641056,74.27999746341102,48.36385670628859,4203.793109662981,17,53.429312318388355,1
44.945290646820766,45.403976020607075,65.16752650322573,3694.6558914327247,9,58.433800116082274,1
60.49134902721953,87.8487388012504,40.18581954109962,2305.3902874527303,19,48.163523694219194,1
55.16093509063281,95.77291703201982,93.22319523034191,835.9719799442312,13,88.96016512237493,1
28.453174740939513,90.78840941568035,41.25484518930108,749.073004968747,4,45.62005451081512,1
71.2661051752165,79.1253580751498,91.66525852481557,3260.0700261542343,5,85.03495851339002,1
37.28305460076797,42.19717437799632,28.278005091726772,4257.757060987446,13,31.36787849621558,0
69.56703639182636,42.529283368450535,72.52501619197218,3179.4201141305043,16,65.79546030338527,1
72.01608739185227,97.06882563568303,92.5588414750595,4635.76834530775,5,90.08556332901095,1
32.16198825029185,20.822759674855362,33.499955071858366,760.4473588474639,8,30.678283067126277,0
24.907970168853453,77.28399785937157,97.4661568079404,2360.4099668445124,16,82.5299447622985,1
82.46092688547519,76.49969300442098,56.230668833240934,1737.9378776360547,1,62.19289404169062,1
56.78403390154561,69.81516327598379,95.65720867528196,2746.9102471541855,6,87.94115597737726,1
24.65310364043806,99.20870768694927,74.14560349040376,947.4066873317879,11,71.2196289649461,1
99.58930537358137,44.95035486109802,44.12694958988412,5179.831879541148,16,49.151420695754084,1
24.62244487970933,47.197749103459856,35.06420199336851,1671.6259251329325,5,37.08394290375692,0
75.60281830868425,26.315152235724444,44.29880369800795,5027.077322321207,16,47.32997225986654,1
98.69431402107308,55.423850923498996,27.441392741014,2644.2871441760726,7,43.24172946408568,1
39.13440833727405,40.88388209878785,31.50943730746638,5330.515839625046,19,35.83517145313925,0
31.379949494975694,47.47093617421154,28.37283522771849,3259.4802406090116,1,31.71867758360262,0
29.71079515379431,86.76574322045022,53.83548349932462,5067.997748043876,9,56.396486568887816,1
44.262011805407646,94.83876108219965,83.64627010060691,625.6751457322697,18,78.48856112385324,1
28.083664880851735,34.85864576041485,31.310684337307215,4191.546269668321,13,33.05398626872339,0
75.37290733553056,49.80071452427727,30.425634653786872,4934.643134892074,15,40.5102146467031,1
24.983343850405014,94.29044496923153,71.47431596138645,1270.6587214989795,3,65.16916618704421,1
60.75377025198318,24.94467685513781,35.7746385574453,1061.404088314327,10,39.96978399214095,0
99.73574830823814,27.38884224891028,27.808803048719327,2637.9485144925866,9,38.27704142013502,0
85.11762156048151,33.023279136498346,33.34788625644621,5081.658749438088,13,40.528410066023625,1
69.21755505848087,67.61702673014997,93.89851167014208,3203.455488914106,16,85.36881051610762,1
44.500289662928935,32.037781680479796,85.71770022209526,3131.791025864314,3,70.7443736191215,1
69.91166690333108,97.44611051605868,48.32516498840753,1277.405367836745,15,59.39055273494138,1
62.163317112932134,55.73716218068163,72.46566138619143,603.7896532474501,17,66.43587487404545,1
54.086670711229715,60.12143682801331,62.982053893443045,4488.6724355782135,14,58.08142850733169,1
30.45683013921596,39.73268926443252,74.16994107860512,1020.3579023339435,7,60.31845558737161,1
90.92833721923733,57.67682019477868,74.61369219702075,3642.4791299295553,16,75.283793851697,1
55.9827719057058,72.95309061096091,70.29872120479943,4990.158981672919,8,68.2256079277331,1
35.56980094566121,80.09417095632342,41.28810948298469,1601.5291831604688,4,48.477658672540926,1
49.420748070183166,80.30944661679304,23.12051366102545,3793.309613937172,15,35.5140633002742,0
53.130380202314164,66.23128901552707,56.445342559208704,977.7531681960454,5,59.101016390594665,1
86.20303164534994,92.34878199950857,91.2779107752563,3498.0246904205424,13,89.291680373308,1
78.68915044491217,85.39262778448875,65.55978068148607,1386.8722605753733,6,69.63382879264594,1
81.54439149130718,80.56384917589003,86.59128333615263,4132.577090472854,5,84.94918275125363,1
20.882501154291777,24.448441734436848,99.32994743689825,2045.9102150107594,17,76.0366506750438,1
53.29231985438092,20.550236977571945,33.0892963310621,2824.276842262302,7,33.75816089327099,0
58.50753213082589,36.995782175637835,75.34221113135858,3477.266601732584,6,65.32081583290416,1
21.535382145844537,73.08188751307618,73.94348589600197,1422.1123711979499,2,62.781906484307584,1
40.785056699602734,52.89579911060366,98.39643578866227,4159.86152936458,11,84.19166656757153,1
80.8231858497708,52.19250074394494,98.84805871622403,2052.67363505671,7,90.1845147991296,1
30.968776458319923,90.7669510583691,74.93428893793036,3779.3849275812167,8,69.48662293790716,1
62.824810516207336,91.6450278505471,39.489183358575545,1359.7586433569936,5,51.57067168162171,1
37.216149761379,92.73402112428685,83.88446705044792,3902.964764190481,18,77.87876054922354,1
20.969661971511464,45.11024612120218,28.562330736883048,1215.3027494902162,16,32.11796123330984,0
39.29611660796332,75.28446501914094,82.45594433373029,2641.7111820959217,14,72.28172909102608,1
98.0699003928043,41.73065450194957,92.81568993157572,1786.5891539466088,12,85.68761350319058,1
84.12296895063916,35.24878664595598,50.626671581474824,4192.201197255276,17,52.93133997762376,1
96.76613154568267,34.77059658778954,70.45082359864644,1857.768021632998,5,69.36831765678569,1
59.028323514109,47.36860966908752,54.411418567746104,4832.243070697902,14,57.12180859666534,1
28.778895894200282,54.396609582385736,55.021204399050276,4880.737014751741,6,50.743734560546116,1
63.83675911789544,86.47593368440548,44.82967112864961,1542.918313069372,15,55.41393807011627,1
56.350186764796874,29.59128747781697,80.97036963602596,3546.4605360370765,7,69.2748473514587,1
87.54856661916928,78.79406779159154,94.89412513332041,1021.0446802558288,14,93.51910864168758,1
27.846606462739565,62.516393135144426,95.26006873875689,2479.37807808782,18,81.74219471921295,1
59.059290961742256,43.0356274140794,33.982502789994705,4023.944301606107,1,38.43535972035353,0
32.00389317551874,59.42556676262597,89.97949197252528,3765.231584879598,6,75.88946124988271,1
45.974074151204796,43.99536558216181,78.99451531416977,3598.563213151718,3,69.76549795878319,1
78.98856619102398,67.68655641906449,40.22699205522314,1956.196145579729,5,48.849350750960255,1
58.081450349501324,54.707513828419536,25.382769033721164,2414.5197572851293,12,35.06754814155536,0
50.07106281166155,33.1524423263103,41.43978135075024,1094.1414945613737,11,40.77977956036119,1
51.55810228560283,29.326645964455736,92.97665894252205,4051.3095380812847,13,77.95257879358785,1
56.75574147247893,63.73565456577041,70.65429399166177,3018.666224598113,16,67.2096800485758,1
82.80132350696455,92.19304266288827,77.68437287182975,4002.075035259142,18,79.24305358097781,1
91.36677511521876,47.51661492461484,40.57218808872767,1794.9289190249892,17,51.44365398289163,1
96.42677492031426,78.64000857780985,77.55105244598562,2157.303497448318,17,81.02486671139532,1
82.9522709004236,72.69290839518135,22.2497205022339,2204.2336188485506,11,38.81441049526675,0
45.23255165984102,94.52439314475848,50.0257076618411,723.5635667866377,10,56.821514574420306,1
75.05077648692337,85.67848138393127,70.1402678833865,2237.029789586993,16,69.86520153320546,1
55.008249924431354,65.32842071243704,31.687725243305618,4455.861952886561,2,44.41227791537631,1
40.37364976368409,72.56243985872858,85.84028595575478,4907.032779598745,17,77.07798914016156,1
87.26972635407381,91.87091732672279,38.80250390495349,3087.4479150524517,10,50.10650346582428,1
23.074107916986,51.96150276695478,72.1824890254757,2786.408137052257,13,64.17727297294202,1
92.14095937083388,46.143576468622186,52.41577140602637,747.9581697569772,12,55.93094335477112,1
56.91819716997873,20.86488669081571,67.68348763821177,4820.180820409837,15,61.13333063241967,1
70.97611814466244,86.12408593531714,28.596044210312648,662.449024444189,7,43.82539653464109,1
72.74831377646262,84.07845603226919,21.353023993728584,5134.800385009016,13,35.330302617241806,0
91.60941925652291,28.35636144801211,92.7651541904241,2948.237993702835,12,83.45299845618749,1
70.93357457337659,66.14859049061602,41.57040070137462,2241.2855691586874,12,50.037024146816975,1
69.11468678080494,57.11853585335099,85.57416022243673,5036.2484872447685,2,81.14043848960284,1
25.332163244855195,29.496727640728917,99.94802403777601,717.0767669284644,5,79.23227820005766,1
61.47264175561632,98.44545816485788,36.914500639912895,3390.839495371618,2,47.349042141899965,1
32.01352006536333,37.17567099706844,41.213659294668446,3234.8761175968207,13,41.23247871086971,1
78.99470149771885,25.37873440724489,73.02878301077325,1652.7379258146339,3,65.94803462768519,1
60.97775366501396,67.58779036015277,97.2358907680497,2658.659670481011,11,90.79048575911966,1
74.41822233666826,79.10933417064261,93.26514785525951,3730.867228530097,16,87.60517720007756,1
23.333832048190743,22.595475683774957,60.23004160524679,4090.229745033252,1,48.62784256788109,1
26.783361283664256,72.69741109816178,83.60882260213798,603.4409217915829,19,71.80445101362298,1
77.30587104501458,62.58335007611635,30.859668247992083,5096.896464436873,11,41.58795487041575,1
25.76674687989387,28.261200710003873,98.19505473632098,1389.7217874854996,9,75.31484908724511,1
25.70053822122069,33.80191015570897,97.14825872287892,1721.186084267324,14,79.28204601328723,1
20.968678018790996,65.43794378528645,33.09831663033368,1864.6725393304714,9,33.46679831273628,0
96.5201118639584,43.708609081063074,43.95384998424853,781.5366554497695,7,53.41116240220248,1
79.00066875672056,95.06525829210528,28.012399800541353,1190.6501932335595,16,47.37588916073828,1
48.260112680165136,85.49921835872406,41.737407911854376,5334.4796301319775,3,52.03518024002459,1
43.72284650301242,98.68537652109305,85.27646315321653,2113.040339410973,19,81.14228071774725,1
47.97625837966797,40.77366711603312,50.26524857322076,1153.4452336274367,4,46.44477530946112,1
81.97228249449455,97.57789062383816,27.07175737174067,1113.558053638192,7,45.53924003324845,1
72.90964888563315,54.498709583324626,47.37804198231237,4053.4078448158652,12,53.46528021792394,1
34.815645429397435,47.801503625100366,98.51066673930241,4701.929587356676,18,81.51949895268663,1
33.92874682672675,24.02796215754826,70.37468762073624,1833.3710376406555,5,58.68924318652824,1
27.871651977071785,24.221220628768208,53.29287571249262,700.3656592091279,10,47.84951616140356,1
72.82421757610706,75.36090047573238,33.3230810797816,1670.832088537708,12,46.71793117248027,1
81.14981297773888,56.63431955472223,98.89414378269558,871.2753158244352,8,90.29040358481778,1
41.20371426600032,38.121730082888455,85.6679207410503,1096.2956958241994,19,68.17763784662715,1
21.675596882473023,69.11762450601861,42.51818419607355,2671.2389752686836,15,41.81401097621579,1
26.573733398114186,40.228649460008896,25.60549565769516,1703.6081801358364,1,27.134854152716695,0
97.42880278760244,66.2105403475538,24.530044590204643,3076.5402169220324,3,37.76270632450777,0
43.63558219819362,48.73669975861523,29.630251960442706,1816.7700156345138,18,32.37848149289689,0
81.53785182705069,85.88417812894552,66.46148668915373,5114.579045294148,18,71.0994400534135,1
69.9730855083411,85.65569286134235,94.30107369643939,4948.53104604607,2,89.14363229355789,1
50.555171172231674,58.188031849792104,59.739474240478756,3320.669304050237,5,59.140732952926015,1
36.45498097564441,48.06552874680125,87.43563859649578,2301.2351615394537,1,73.4724382878111,1
29.710913452752514,49.00478372472756,55.670929588784624,2429.505033766731,10,51.27308657456285,1
69.20103744310933,84.45716205345744,76.68668366142602,2576.8909590935855,10,75.8938295893251,1
81.97070245102304,46.25435862380896,78.54981898292007,4092.380746247731,5,74.3026589083758,1
71.51234028329046,36.72474989654768,33.91709647226709,2767.867178490422,18,40.879476679066094,1
62.42417065993266,26.775067350024546,48.89728471806494,4712.303743228307,15,50.55324550546515,1
23.356097874530903,57.33544967075267,70.9841725230419,5131.65497246575,8,60.76336728171943,1
97.47910220755071,58.570567913587354,25.655728654749296,2212.5415362188824,17,41.654824559513074,1
83.89713533236596,87.27269683223257,48.923215021036526,3291.3335106032646,12,61.659980413851734,1
43.42576293607718,37.69909571568512,62.783957302495395,1056.2713767963091,12,53.238311693850676,1
98.39762634870806,50.47930189347199,99.6979594435711,1562.2514292785231,1,96.11576309688103,1
68.15052717090578,84.67245911149527,57.96268500979526,2584.6356802087685,4,65.85538895440072,1
66.59381265657971,85.88988885991787,85.28454056914589,1589.7730363285386,8,79.14875665514688,1
79.84585435436257,50.768886078301456,54.56538280532942,4807.490355785844,1,58.53074271183708,1
84.941583047211,56.729921862934475,83.71125780957671,1359.7740290836707,15,78.71969933549728,1
72.51828858652021,44.262871267942636,67.63318412960868,2787.1719434548413,18,64.06570680505926,1
30.247659709296002,94.60439027354496,90.92763532019187,3507.356354207403,1,83.07815521520465,1
47.06140047955987,29.491501259326427,52.875404188008794,3920.946759172053,11,50.59651726418798,1
94.24669122608398,94.6999538401176,68.34435358571831,2438.7329746872324,2,75.25129838558648,1
37.969248947508156,74.70931614682746,70.40149444950619,4771.675529878697,1,65.27793446723747,1
49.77336190700107,62.5257722149385,53.39063534403786,3327.9319251740426,12,54.962648383849654,1
54.56615063553568,22.61272486275967,31.54496349499852,2709.6373461482485,16,34.802218415188264,0
55.15239917555618,58.047695345760665,27.484752552986844,922.7550434497757,10,34.205078221680154,0
69.03516659956205,52.61984840021859,21.333724047970648,2830.509448536792,18,36.62920488693046,0
95.4460670195766,32.897504958009804,89.88274113961717,4539.532035915505,15,80.88282594005034,1
39.2554169466004,72.51276828005255,38.917992979095565,3549.7968874623143,17,45.93717134873768,1
29.720110104073445,97.69207258946287,36.920539942541446,4594.379777899769,10,45.85961466359081,1
35.79763918879499,64.97510488516201,78.88283203408524,2971.256018876667,3,71.54654187896979,1
90.95399201674157,77.18026211551566,45.60128904699134,1168.6161844535127,16,55.89313762024998,1
71.66486501241648,25.476036205281343,60.483575392946925,665.4712600122291,6,53.46193752009744,1
42.87254313913281,53.41335966535958,33.0008852237965,2055.4538242492376,3,37.500702081513005,0
85.27575511748938,29.30867881315967,96.77965771695754,3950.354263189404,9,84.89886521934504,1
88.90959970907488,69.02366684292083,88.12651200137898,4393.24753892013,11,83.46250456839408,1
87.72114709522225,95.07857265713237,89.10316983720026,2019.6136061775812,13,91.62806323201758,1
93.51412269116436,72.94221859773108,52.541899885760415,2979.138820239586,18,61.64472223699372,1
40.17928161386892,26.144243865153722,80.98889709657382,2621.370741283592,4,65.02261146557017,1
80.40335429970227,48.37329639880663,31.510092431182414,2570.5093648868537,8,42.54370499537219,1
56.8431597819312,64.05307035526812,20.689520207342422,1710.4738233607225,13,33.840338667945005,0
87.35988423120492,52.256620490660175,21.59783460624225,1254.5813041414003,10,34.62826405437754,0
78.27925417292906,86.69152083801379,66.92813899236484,1544.105079509823,2,74.06209741111557,1
82.11579571997797,85.17368037679914,56.43159241983526,865.5954583840612,8,69.08202403486196,1
72.49294701448572,68.94648160825771,61.44122791268158,1551.0275607531698,6,62.04471284134133,1
34.19430155757655,49.87663561061642,20.597051233377552,644.1643086018214,16,26.661188505840045,0
63.60215351175506,40.42690990105953,53.81492957259405,3610.8403230526956,18,53.948829814536005,1
98.77357916196065,28.469945457050343,77.44545289606887,2118.601955460878,17,77.8588661806977,1
94.99104531976951,48.39181467892432,55.41549615739487,5271.094614849161,6,58.83072174436572,1
23.453898863760934,53.053801376617564,78.57753650497779,1529.8418437262299,13,64.60126161235172,1
33.18518525835497,74.06583400832588,38.64151715174678,2259.9771374860507,14,41.24387660165537,1
30.538301876364955,72.65278594380588,85.05136035853803,2317.6375614793596,10,77.45746261078615,1
78.07839279882364,25.608651171300558,67.07449923627618,640.5671810998106,11,61.08954350444408,1
85.4228263885556,51.620745234492624,36.8610479543925,4628.198174589403,13,44.65900090609674,1
37.080909304853755,34.54230937738895,38.93763806830663,753.5734086927587,12,38.461764107541356,0
60.46821543614632,32.54501642534446,70.24243716556296,5112.863206700358,9,63.73813341828565,1
87.256242240896,86.18417197897968,86.39516745699547,4881.956885249379,4,88.63472029710384,1
78.62412358130004,23.353217337300602,53.25022256233241,3170.5051972126253,7,52.755609005437236,1
63.378976439347866,53.534630072169705,40.66403433020738,3209.258759574202,2,46.49972921979333,1
67.22781523670183,33.45629246132145,89.36092855284804,3738.1340301895502,7,77.44472491053851,1
60.6688437533024,90.34641725427792,73.5414633400668,2457.8400572874575,9,71.52269964213099,1
43.803876105505644,64.56324106200282,55.84683898264612,3706.666960309706,5,54.94864551825119,1
65.20175942872129,38.51045091014784,59.03201562234415,814.888265704737,15,57.00490963230995,1
75.11082416400725,60.19418297331011,36.34051743491171,859.4286112786875,18,44.84646631565314,1
89.86583326886462,78.51890877624926,70.14421040518752,2794.706014173813,4,71.22975061715042,1
70.90330831833984,96.6494407135547,48.69940084343109,3238.1870453089678,19,56.95251200966369,1
80.88972296345264,37.63568033963352,99.65161413394794,4861.524673611932,7,87.45617779343618,1
32.805730796365836,90.89454177034762,58.414681220951024,1102.3710427579022,8,61.31082393148325,1
56.92459795358319,94.74432913339922,58.87084849516906,4548.710050530669,17,67.32450120191213,1
20.746529586167462,93.3136435625653,65.26814299285375,1608.227219001934,13,62.42906490666729,1
39.73430916172984,70.83314854895278,93.34048024949973,2491.601512848153,11,80.48970628982725,1
78.11693720904039,70.38565235477662,84.06544798878002,2119.691687171582,1,80.37618302965095,1
99.34479610794908,52.25685065470582,56.09040558382731,2520.745309753915,2,59.91070045068992,1
27.934247966977274,80.19183058430303,77.49594127782368,1322.3783907484108,17,72.04156175979148,1
52.11954526890306,62.50352146807455,66.89883990246094,3017.136357137064,5,68.29787120102773,1
84.00567749593276,74.19504569826356,59.389363896099916,4447.884431190563,6,63.91759343768938,1
36.32285077031191,54.27663230790364,35.38526182274804,2719.3632498187053,7,35.9755226493321,0
64.4067959441829,78.51971712345113,57.11490107639128,2954.9451643113557,15,63.432374373599565,1
78.64570368237398,85.95772140836392,39.66548696180597,4674.084409350308,19,53.092457733232784,1
69.27883602081432,31.71490052822529,93.18737198813237,3989.078950262548,16,81.05007892583959,1
35.04197876923329,86.63437724593824,46.83254507970776,2954.1811608949665,13,54.210582814413065,1
48.43076549485915,63.22372254322458,96.18112116266978,1836.9391113080624,5,81.34198537831067,1
82.70334275883178,87.57327272721794,62.64442320757689,4847.64838485584,3,66.60375543769347,1
64.33812113056133,54.50413650728117,70.52355029409283,3369.69792811468,3,66.86939521918013,1
20.41836908343302,50.3232388306428,63.43523555914622,1661.5085285313282,19,55.142713100234715,1
80.8792608022475,93.2048586013778,30.35044935733607,1891.7748126624497,14,46.648035927197725,1
22.824908395219126,40.0935414038721,50.065697520635275,4455.0388268939805,16,49.405261591725136,1
79.65870261849858,87.53698602289145,27.931688982209913,811.8986980197863,17,44.01105146738359,1
36.19844481321899,58.72164580075233,69.83632353467054,5362.042497738336,4,62.02198950182064,1
96.64587840955042,61.12763540410078,55.74993561603512,1225.6880626310005,13,62.93966917303452,1
49.43526010416676,44.67746251915872,82.23879772567494,4421.1289219053,8,73.625840625498,1
46.15452930704633,65.84337604952125,37.63763847994959,2494.9215205040778,19,41.69517725308306,1
31.911044026595576,46.0168957020969,33.16528467434679,2962.6376797798407,5,34.61091693101667,0
44.44833723921719,23.141553139332185,52.50657847710143,4827.122771829973,2,48.89165777122241,1
90.13206094625605,41.75988842754848,94.12683065747049,2581.9737100282236,15,87.78218673248928,1
99.70674701017978,20.510323472527254,76.83374520099294,3179.9700176315255,2,72.2514384133468,1
49.464762440547865,98.26838296454854,53.513889983433494,836.6383795640157,11,64.4564772396769,1
55.8888504763634,97.2597767855798,61.38177358034484,611.2678745637752,13,69.9008376889241,1
77.76567505621897,51.6124237977844,26.73704089416787,1775.0393904082844,10,35.31041109189853,0
90.89566243720596,78.26966834717169,98.76607171008905,3866.798846010083,3,91.12712737534382,1
67.44354673494273,47.664487872834,73.31258437559352,1182.0714881238562,5,70.17644314981268,1
51.32205585422635,73.68745256687808,42.832325477073795,1146.057402261837,3,51.46478538639963,1
53.0097472678899,84.43440344367832,66.86467153721955,2572.610918572336,6,66.9723747130721,1
75.64945171974455,95.74049957537926,28.75858928551952,3709.617785319487,13,44.83511361068457,1
20.257461088342296,52.01698206797376,97.26693350460668,4017.9455627900666,10,77.28743873886069,1
69.56714699678726,82.66383863648382,33.98279903066928,1456.563235672199,19,44.28658331877175,1
48.43944083530859,41.274276050569505,71.84242544441713,982.0231073858038,8,66.0194409357974,1
83.53578650216674,99.22658430349186,39.63635700311443,5113.9057629386125,18,54.39721560141974,1
27.439251185850573,22.06156790114809,77.40491061188285,1851.1986362980883,3,62.212161805389755,1
67.05618135587125,68.28230452008967,82.14570937922248,4696.0631885218745,17,74.15115796306388,1
58.4778311908899,72.76047853210616,73.87357831291462,4744.758962221527,8,73.40179334884087,1
71.38604207241819,75.04364456593031,69.1599568204154,4308.108440460213,10,71.55197922582235,1
25.18828755863747,29.631006303127123,91.39752751616093,1410.4013119323363,2,69.51178494007743,1
66.3987029942505,95.08238267785043,26.290136879180643,4544.6470044201615,12,43.14331630920901,1
64.91876703676189,34.494662324006626,46.473181262415615,4292.402684359617,6,47.45272800686138,1
64.85280755329367,69.82027225918728,39.86299837046768,3464.2703525098423,2,47.20475099151406,1
68.27901332771638,37.814086329846795,99.04111696523373,2218.569768810973,3,79.43689218049501,1
74.11743497810897,44.57731336170167,51.15118237334988,1860.0413004794116,17,52.28938138881376,1
84.39911997446158,63.71668333824995,78.6090159392319,1185.068217985723,7,77.84854394592129,1
41.585657610257144,53.37547348516612,74.77801311048037,3046.833921124183,5,65.4916489405355,1
86.00395281440497,32.818048078120505,36.96649899819022,3409.2522024472632,1,43.25645935909406,1
59.86045458107629,33.674912193667865,39.11981441692411,2324.8271544757786,8,44.40768868003945,1
26.164662330746495,53.451583053023974,42.502765084242725,2881.723524868169,12,41.539356344242904,1
24.684074339518336,80.58263826204006,52.890182260750336,2344.86939537248,14,48.61953551110305,1
46.73906549568486,91.83717174782308,38.746005252042146,3676.829075139366,16,47.53893854165463,1
82.7917581689174,26.73021298075063,21.572118619747826,4926.044197423504,10,31.72756688539654,0
76.61447477927325,51.44831260475208,90.35144454457564,1386.8172578253354,15,80.80471997488293,1
83.08919717379251,28.01964509783013,97.24878651047072,2430.7622875349925,15,86.20997408955492,1
61.38152451532875,21.32739845060783,47.32563096252544,1276.1692989641342,10,42.6098221736162,1
55.21591983643924,72.93749461151653,47.080550354037825,3599.7300979575934,7,51.903915216904686,1
31.796202136502714,68.19595535732702,20.567345021949677,4098.5784455452595,3,26.448447336752437,0
46.25542028874492,33.0415291051909,74.42005506642992,5073.181116467788,2,63.397205520676245,1
54.72154929391002,38.70502664744513,86.0351916598903,1938.5852460526316,6,75.65488027411705,1
27.08803437436938,21.89662029156147,31.728664028800253,5161.013788154065,9,29.23440316562081,0
37.6489562168969,86.7957764555523,32.77330794937206,903.660824739239,10,41.167918450684425,1
67.8580235250991,97.97524768388412,83.20665999771502,3494.4665441500233,4,83.17519283681862,1
78.85304913913518,30.836762943575266,69.30325986833157,874.2370528479839,3,65.12128865818373,1
99.86780091143598,38.51801710122385,23.58884461021736,4890.116101257335,9,38.65756777046466,0
94.64906650748462,89.47276191575472,69.80375923698253,3143.08347393626,17,77.8805371755837,1
71.40521596281532,94.11710383649479,44.71341782750129,3812.872083661421,14,58.97113221571711,1
53.69984426352576,53.57019062454483,49.498012437667676,4591.554844370172,10,51.07434791063671,1
70.89418917665861,24.049797781525932,81.57851346375041,1321.49098792305,13,68.02510847813292,1
82.85212944641856,23.151346695425552,84.87481541380885,785.2394973030425,12,77.0287894101915,1
29.466895273870986,65.91598928552084,52.02853014718645,4818.62950038169,1,53.427052705348466,1
52.79239117570306,51.431608711454324,95.77223488050838,2111.679491802876,19,87.59755443379912,1
87.18418285084938,22.29219420621236,52.51701743616578,1219.0987580503934,19,56.08678052542895,1
50.70663615464352,66.66019138500454,81.74688281840879,2848.6139380180152,6,73.8472452833122,1
65.74978169817493,20.904202927121798,58.710181165140725,3471.8691633408903,13,54.46959256437019,1
67.02154886897586,82.98975665194183,91.80258612176672,748.6588964280486,19,86.22225262029384,1
34.75810025069115,44.51462581626973,92.62089949201429,1919.499159634021,13,75.91248470424782,1
48.97883533218307,23.220640240738568,26.99334462968671,757.4393965291008,4,29.49829179504568,0
46.76090309935457,67.06817767865226,94.91946650481806,2617.609868138395,2,86.08947487433979,1
22.09573668256518,51.81475315464438,86.04278732163326,4896.480139517973,15,68.13818203170204,1
21.935341111308418,97.90403306857196,83.30485714501336,5316.731575169132,12,74.28421486371236,1
86.53576349406188,63.53589300029618,36.072907174841795,3657.8282568174122,7,50.200769541676216,1
41.845664797824995,42.019134482960666,84.4095367003732,1375.8609301660408,18,74.57373193052699,1
61.44630129910524,76.75510917071799,88.01061877480295,4948.077071996668,13,81.01865329620031,1
43.898045887101844,41.719360203416905,43.132026756332074,3077.98955136029,17,46.336526331620696,1
95.25433960922724,92.3394633126052,96.1808062689859,1337.996698094007,4,97.4173989931805,1
40.7437407092619,49.97775764059011,23.98881171193314,5024.288013367975,14,29.864870678739813,0
54.37254501911481,63.98948502209642,31.992740259771175,4235.851443470894,13,35.27869154403898,0
89.81842003876815,24.045848305938307,63.00649104412115,4112.185309071127,3,57.848153695255355,1
87.3546853433447,54.08969903617846,66.06339768978478,4004.0673782131425,18,66.14468266455852,1
34.88811342770219,86.5890831728796,71.61200666407227,1561.6311412629232,14,69.86985811885751,1
84.21146478365684,84.45190442906735,21.357530345237315,1612.832120196125,15,41.77597667267057,1
56.65495093903141,37.9454847082821,96.82934196977043,3903.806392450824,3,81.03770634212259,1
58.637509766828416,38.086325680845015,23.56704741873152,1654.669200529905,1,30.542959979537926,0
30.6783977932755,85.38442497705894,31.44495621787219,2705.6241446546346,17,39.355930068176924,0
26.44812110056997,94.43187361354605,21.12116140208456,4353.6087628509185,3,32.479336162674954,0
78.23514455790121,27.628873701840284,65.34867466352758,4362.972086869637,14,61.95094253076811,1
59.716892188423984,56.00469115409802,94.58135071367778,2775.656508124126,3,83.50510068745642,1
54.948056209214364,46.996342317138314,73.27577328643713,4402.511703721177,13,63.23624678127496,1
78.36065829219174,89.65507643659515,85.81259747843418,4625.3846217506725,15,84.85605531178341,1
81.24103191928879,26.6819931744015,21.062496276686407,3742.923606164449,18,30.887005491644224,0
32.71265341354828,36.89007540464299,63.361223878378084,1696.4440910804167,14,56.77286472944837,1
68.8180119582113,80.19746700691954,56.76503820044175,1915.256545850628,3,60.42523632179828,1
30.828326582214842,24.103507918497247,59.917435537663444,2111.2375459619298,19,50.58979075416103,1
80.11000688232366,59.40283045714314,25.777054826815036,1160.6597171229696,8,40.09654397233375,1
72.55641250137117,55.3685627743776,74.7548288855446,1911.1661777757365,4,71.2204321536279,1
96.52916968667664,46.752094319099896,60.257633188690754,1605.6922767001543,4,60.16293706220751,1
25.516641308513694,51.565785225513906,81.21190798890112,2785.5779990812903,19,70.43083761352214,1
24.564377692100344,62.39524695441864,58.823250724937225,4960.500229786871,11,55.71450166848711,1
42.57496597545601,32.90938867107065,31.950530898114565,1101.505520418999,1,34.14557158570855,0
